32,0.58,0.61,0.47,0.13,0.5,0.0,0.48,0.22,6
33,0.43,0.67,0.48,0.27,0.5,0.0,0.53,0.22,6
34,0.64,0.62,0.49,0.15,0.5,0.0,0.53,0.22,6
2,0.58,0.44,0.57,0.13,0.5,0.0,0.54,0.22,7
4,0.42,0.44,0.48,0.54,0.5,0.0,0.48,0.22,6
3,0.51,0.4,0.56,0.17,0.5,0.5,0.49,0.22,0
5,0.5,0.54,0.48,0.65,0.5,0.0,0.53,0.22,6
100,0.48,0.45,0.59,0.2,0.5,0.0,0.58,0.34,7
6,0.55,0.5,0.66,0.36,0.5,0.0,0.49,0.22,6
7,0.4,0.39,0.6,0.15,0.5,0.0,0.58,0.3,0
8,0.43,0.39,0.54,0.21,0.5,0.0,0.53,0.27,7
9,0.42,0.37,0.59,0.2,0.5,0.0,0.52,0.29,7
11,0.4,0.42,0.57,0.35,0.5,0.0,0.53,0.25,0
13,0.6,0.4,0.52,0.46,0.5,0.0,0.53,0.22,6
16,0.66,0.55,0.45,0.19,0.5,0.0,0.46,0.22,6
20,0.46,0.44,0.52,0.11,0.5,0.0,0.5,0.22,0
17,0.47,0.39,0.5,0.11,0.5,0.0,0.49,0.4,0
18,0.58,0.47,0.54,0.11,0.5,0.0,0.51,0.26,7
19,0.5,0.34,0.55,0.21,0.5,0.0,0.49,0.22,7
21,0.61,0.6,0.55,0.21,0.5,0.0,0.5,0.25,7
115,0.45,0.4,0.5,0.16,0.5,0.0,0.5,0.22,0
819,0.43,0.44,0.48,0.22,0.5,0.0,0.51,0.22,0
818,0.73,0.63,0.42,0.3,0.5,0.0,0.49,0.22,0
25,0.43,0.53,0.52,0.13,0.5,0.0,0.55,0.22,0
26,0.46,0.53,0.52,0.15,0.5,0.0,0.58,0.22,0
27,0.51,0.51,0.52,0.51,0.5,0.0,0.54,0.22,6
28,0.59,0.45,0.53,0.19,0.5,0.0,0.59,0.27,0
501,0.57,0.47,0.6,0.18,0.5,0.0,0.51,0.22,0
502,0.63,0.67,0.57,0.24,0.5,0.0,0.49,0.22,6
29,0.8,0.88,0.36,0.39,0.5,0.0,0.56,0.33,3
30,0.53,0.54,0.43,0.1,0.5,0.0,0.57,0.32,7
35,0.51,0.51,0.43,0.87,0.5,0.0,0.52,0.22,6
36,0.38,0.61,0.61,0.12,0.5,0.0,0.53,0.47,0
881,0.33,0.55,0.51,0.43,0.5,0.0,0.51,0.22,7
37,0.78,0.74,0.42,0.26,0.5,0.0,0.43,0.22,3
38,0.74,0.67,0.47,0.34,0.5,0.0,0.42,0.22,2
1446,0.72,0.61,0.45,0.3,0.5,0.0,0.54,0.25,6
1181,0.4,0.45,0.57,0.18,0.5,0.0,0.56,0.26,0
259,0.59,0.53,0.43,0.44,0.5,0.0,0.5,0.22,6
260,0.57,0.53,0.53,0.34,0.5,0.0,0.53,0.22,6
41,0.86,0.68,0.39,0.24,0.5,0.0,0.54,0.22,4
42,0.86,0.74,0.51,0.4,0.5,0.0,0.55,0.22,4
396,0.79,0.57,0.41,0.28,0.5,0.0,0.59,0.22,4
43,0.41,0.54,0.39,0.2,0.5,0.0,0.51,0.22,5
566,0.37,0.36,0.56,0.18,0.5,0.0,0.48,0.26,9
49,0.53,0.31,0.58,0.39,0.5,0.0,0.47,0.37,7
50,0.74,0.75,0.58,0.47,0.5,0.0,0.4,0.35,4
54,0.49,0.39,0.52,0.29,0.5,0.0,0.48,0.22,2
55,0.74,0.57,0.51,0.28,0.5,0.0,0.58,0.22,9
44,0.42,0.24,0.34,0.16,0.5,0.0,0.5,0.22,5
24,0.48,0.39,0.51,0.21,0.5,0.0,0.52,0.28,0
1385,0.41,0.53,0.45,0.14,0.5,0.0,0.52,0.66,5
56,0.45,0.46,0.55,0.43,0.5,0.0,0.55,0.38,7
58,0.56,0.48,0.58,0.27,0.5,0.0,0.51,0.22,0
59,0.64,0.59,0.56,0.23,0.5,0.0,0.46,0.22,0
60,0.64,0.56,0.56,0.22,0.5,0.0,0.45,0.22,0
72,0.66,0.62,0.49,0.1,0.5,0.0,0.49,0.22,0
701,0.53,0.44,0.51,0.33,0.5,0.0,0.55,0.22,0
66,0.38,0.49,0.53,0.19,0.5,0.0,0.5,0.22,0
57,0.45,0.58,0.48,0.67,0.5,0.0,0.52,0.22,6
64,0.43,0.35,0.52,0.52,0.5,0.0,0.54,0.22,6
61,0.37,0.32,0.47,0.18,0.5,0.0,0.45,0.25,7
62,0.48,0.43,0.51,0.32,0.5,0.0,0.52,0.43,7
63,0.41,0.46,0.59,0.19,0.5,0.0,0.58,0.27,7
67,0.54,0.48,0.44,0.08,0.5,0.0,0.52,0.27,0
68,0.6,0.47,0.45,0.22,0.5,0.0,0.51,0.29,0
69,0.34,0.46,0.57,0.09,0.5,0.0,0.55,0.22,0
70,0.48,0.54,0.55,0.12,0.5,0.0,0.51,0.22,0
182,0.47,0.39,0.59,0.15,0.5,0.0,0.57,0.22,0
71,0.81,0.85,0.47,0.37,0.5,0.0,0.56,0.22,2
73,0.48,0.42,0.52,0.24,0.5,0.0,0.56,0.22,0
78,0.58,0.51,0.49,0.27,0.5,0.0,0.57,0.29,0
81,0.6,0.5,0.44,0.61,0.5,0.0,0.47,0.22,6
88,0.45,0.55,0.54,0.66,0.5,0.0,0.47,0.22,6
97,0.46,0.49,0.58,0.23,0.5,0.0,0.44,0.22,6
94,0.49,0.42,0.56,0.55,0.5,0.0,0.42,0.25,6
95,0.63,0.53,0.54,0.4,0.5,0.0,0.5,0.22,6
96,0.5,0.54,0.53,0.54,0.5,0.0,0.51,0.27,6
91,0.63,0.57,0.59,0.4,0.5,0.0,0.38,0.22,6
89,0.43,0.57,0.51,0.49,0.5,0.0,0.48,0.22,6
92,0.48,0.45,0.55,0.5,0.5,0.0,0.53,0.22,6
90,0.5,0.58,0.46,0.46,0.5,0.0,0.46,0.22,6
93,0.51,0.54,0.6,0.57,0.5,0.0,0.58,0.22,6
85,0.54,0.52,0.63,0.37,0.5,0.0,0.46,0.22,6
86,0.67,0.62,0.4,0.43,0.5,0.83,0.5,0.22,6
98,0.28,0.58,0.21,0.13,0.5,0.0,0.51,0.22,5
1351,0.39,0.44,0.35,0.16,0.5,0.0,0.55,0.22,5
101,0.8,0.63,0.45,0.29,0.5,0.0,0.51,0.22,2
102,0.5,0.52,0.59,0.3,0.5,0.0,0.51,0.35,7
103,0.42,0.47,0.52,0.41,0.5,0.0,0.53,0.32,0
104,0.36,0.46,0.62,0.46,0.5,0.0,0.51,0.33,0
105,0.46,0.38,0.47,0.22,0.5,0.0,0.52,0.27,6
506,0.4,0.45,0.56,0.2,0.5,0.0,0.45,0.22,0
106,0.33,0.43,0.64,0.16,0.5,0.0,0.52,0.52,7
107,0.49,0.61,0.49,0.25,0.5,0.0,0.5,0.28,0
108,0.38,0.5,0.37,0.26,0.5,0.0,0.43,0.22,5
109,0.69,0.7,0.52,0.36,0.5,0.0,0.46,0.22,2
228,0.61,0.72,0.39,0.33,0.5,0.0,0.58,0.22,6
1444,0.78,0.75,0.4,0.28,0.5,0.0,0.53,0.22,6
110,0.64,0.57,0.57,0.27,0.5,0.0,0.37,0.22,0
112,0.36,0.58,0.35,0.24,0.5,0.0,0.44,0.22,5
113,0.36,0.43,0.39,0.12,0.5,0.0,0.49,0.22,5
114,0.47,0.52,0.5,0.4,0.5,0.0,0.41,0.22,0
119,0.48,0.23,0.57,0.27,0.5,0.0,0.48,0.47,7
126,0.47,0.39,0.55,0.24,0.5,0.0,0.47,0.22,0
124,0.44,0.59,0.36,0.16,0.5,0.0,0.52,0.22,5
127,0.42,0.35,0.54,0.18,0.5,0.0,0.56,0.22,0
128,0.3,0.56,0.55,0.18,0.5,0.0,0.5,0.22,0
65,0.65,0.65,0.52,0.16,0.5,0.0,0.6,0.22,0
686,0.27,0.6,0.48,0.23,0.5,0.0,0.55,0.22,0
118,0.45,0.41,0.5,0.46,0.5,0.5,0.5,0.27,8
133,0.44,0.52,0.41,0.23,0.5,0.0,0.51,0.22,7
139,0.3,0.32,0.57,0.19,0.5,0.0,0.48,0.55,7
137,0.4,0.44,0.49,0.47,0.5,0.0,0.49,0.27,7
140,0.45,0.51,0.5,0.16,0.5,0.0,0.52,1.0,7
141,0.45,0.45,0.5,0.6,0.5,0.0,0.49,0.22,6
142,0.59,0.67,0.56,0.41,0.5,0.0,0.47,0.22,6
143,0.47,0.47,0.57,0.48,0.5,0.0,0.48,0.22,6
144,0.35,0.52,0.48,0.22,0.5,0.0,0.26,0.22,6
145,0.47,0.41,0.66,0.26,0.5,0.0,0.53,0.22,6
657,0.64,0.62,0.29,0.28,0.5,0.0,0.51,0.22,6
148,0.55,0.53,0.55,0.46,0.5,0.0,0.52,0.22,6
149,0.67,0.62,0.54,0.43,0.5,0.0,0.53,0.22,6
1237,0.59,0.6,0.49,0.43,0.5,0.0,0.53,0.31,6
99,0.54,0.55,0.34,0.31,0.5,0.0,0.54,0.22,5
167,0.58,0.62,0.54,0.17,0.5,0.0,0.48,0.22,6
169,0.4,0.38,0.53,0.16,0.5,0.0,0.52,0.27,7
170,0.46,0.71,0.48,0.53,0.5,0.0,0.53,0.22,6
171,0.53,0.51,0.55,0.05,0.5,0.0,0.45,0.25,7
223,0.41,0.4,0.59,0.47,0.5,0.0,0.48,0.43,0
150,0.5,0.64,0.57,0.15,0.5,0.0,0.47,0.22,0
151,0.4,0.62,0.52,0.31,0.5,0.0,0.49,0.31,0
152,0.6,0.5,0.57,0.25,0.5,0.0,0.41,0.26,0
153,0.62,0.51,0.52,0.42,0.5,0.0,0.54,0.27,7
154,0.35,0.58,0.54,0.16,0.5,0.0,0.51,0.22,7
155,0.34,0.54,0.5,0.21,0.5,0.0,0.54,0.31,0
156,0.39,0.58,0.5,0.26,0.5,0.0,0.54,0.59,5
157,0.48,0.54,0.5,0.17,0.5,0.0,0.53,0.22,7
172,0.29,0.32,0.58,0.15,0.5,0.0,0.5,0.3,0
158,0.47,0.32,0.64,0.3,0.5,0.0,0.63,0.22,7
471,0.39,0.47,0.56,0.16,0.5,0.0,0.47,0.22,0
1273,0.58,0.48,0.51,0.47,0.5,0.0,0.55,0.22,7
674,0.64,0.6,0.57,0.19,0.5,0.0,0.43,0.22,7
673,0.37,0.46,0.4,0.27,0.5,0.0,0.45,0.22,7
163,0.43,0.57,0.53,0.16,0.5,0.0,0.54,0.22,0
159,0.28,0.37,0.61,0.09,0.5,0.0,0.52,0.55,7
160,0.59,0.48,0.5,0.14,0.5,0.0,0.45,0.25,0
120,0.39,0.55,0.48,0.31,0.5,0.0,0.54,0.29,0
889,0.26,0.36,0.47,0.34,0.5,0.0,0.53,0.72,7
161,0.51,0.34,0.5,0.19,0.5,0.0,0.5,0.22,7
1339,0.58,0.5,0.5,0.12,0.5,0.0,0.48,0.25,7
162,0.44,0.39,0.53,0.14,0.5,0.0,0.54,0.44,0
165,0.41,0.39,0.44,0.34,0.5,0.0,0.48,0.4,7
1193,0.45,0.43,0.51,0.24,0.5,0.0,0.54,0.33,0
164,0.36,0.68,0.46,0.16,0.5,0.0,0.53,0.28,7
166,0.42,0.31,0.5,0.15,0.5,0.0,0.53,0.22,7
534,0.42,0.43,0.56,0.1,0.5,0.0,0.49,0.22,0
270,0.67,0.71,0.52,0.65,0.5,0.0,0.53,0.36,7
576,0.49,0.47,0.53,0.16,0.5,0.0,0.48,0.27,7
173,0.71,0.59,0.48,0.43,0.5,0.0,0.59,0.22,6
935,0.4,0.42,0.71,0.21,0.5,0.0,0.54,0.32,0
935,0.4,0.42,0.71,0.21,0.5,0.0,0.54,0.32,0
193,0.54,0.49,0.49,0.2,0.5,0.0,0.52,0.22,0
180,0.42,0.51,0.5,0.12,0.5,0.0,0.52,0.46,7
181,0.57,0.51,0.53,0.18,0.5,0.0,0.56,0.25,7
802,0.35,0.45,0.43,0.11,0.5,0.0,0.56,0.22,5
720,0.42,0.42,0.42,0.2,0.5,0.0,0.49,0.22,5
183,0.26,0.5,0.33,0.28,0.5,0.0,0.51,0.22,5
184,0.39,0.42,0.38,0.4,0.5,0.0,0.49,0.47,5
185,0.26,0.44,0.3,0.11,0.5,0.0,0.51,0.47,5
186,0.31,0.44,0.53,0.23,0.5,0.0,0.51,0.32,7
187,0.48,0.61,0.44,0.2,0.5,0.0,0.47,0.22,0
188,0.66,0.45,0.5,0.23,0.5,0.0,0.49,0.22,0
189,0.21,0.41,0.55,0.11,0.5,0.0,0.5,0.27,0
190,0.38,0.68,0.44,0.45,0.5,0.0,0.53,0.22,6
191,0.44,0.38,0.48,0.32,0.5,0.83,0.53,0.22,8
509,0.31,0.31,0.56,0.33,0.5,0.0,0.52,0.33,7
510,0.49,0.31,0.49,0.35,0.5,0.0,0.51,0.29,7
511,0.38,0.37,0.56,0.21,0.5,0.0,0.49,0.22,7
520,0.39,0.4,0.53,0.67,0.5,0.0,0.47,0.22,0
192,0.24,0.34,0.69,0.18,0.5,0.0,0.52,0.22,0
174,0.49,0.43,0.51,0.13,0.5,0.0,0.47,0.22,0
175,0.54,0.38,0.52,0.18,0.5,0.0,0.48,0.22,0
176,0.43,0.57,0.53,0.53,0.5,0.0,0.53,0.25,0
122,0.48,0.64,0.61,0.23,0.5,0.0,0.6,0.22,0
512,0.31,0.55,0.52,0.17,0.5,0.0,0.52,0.22,0
513,0.32,0.57,0.5,0.15,0.5,0.0,0.53,0.22,0
703,0.32,0.42,0.52,0.24,0.5,0.0,0.6,0.22,0
704,0.59,0.5,0.52,0.28,0.5,0.0,0.55,0.25,0
121,0.37,0.42,0.51,0.11,0.5,0.0,0.57,0.22,0
123,0.75,0.7,0.38,0.27,0.5,0.0,0.49,0.22,3
229,0.61,0.72,0.31,0.33,0.5,0.0,0.56,0.22,6
197,0.44,0.42,0.6,0.21,0.5,0.0,0.57,0.22,0
198,0.52,0.51,0.51,0.54,0.5,0.0,0.55,0.27,6
199,0.63,0.56,0.45,0.58,0.5,0.0,0.51,0.22,6
200,0.52,0.56,0.54,0.53,0.5,0.0,0.45,0.22,6
1284,0.58,0.58,0.58,0.49,0.5,0.0,0.49,0.26,6
201,0.72,0.62,0.34,0.29,0.5,0.0,0.56,0.28,6
202,0.72,0.61,0.37,0.3,0.5,0.0,0.57,0.22,6
214,0.46,0.43,0.38,0.33,0.5,0.0,0.48,0.28,6
215,0.57,0.57,0.44,0.37,0.5,0.0,0.52,0.25,6
213,0.42,0.31,0.62,0.12,0.5,0.0,0.4,0.22,6
212,0.49,0.46,0.45,0.45,0.5,0.0,0.52,0.22,6
1379,0.42,0.58,0.41,0.65,0.5,0.0,0.46,0.26,6
203,0.59,0.61,0.34,0.22,0.5,0.0,0.51,0.22,6
204,0.52,0.77,0.38,0.34,0.5,0.0,0.51,0.22,6
205,0.5,0.52,0.6,0.51,0.5,0.0,0.48,0.22,6
210,0.49,0.6,0.43,0.56,0.5,0.0,0.36,0.22,6
211,0.5,0.41,0.44,0.5,0.5,0.0,0.42,0.22,6
206,0.5,0.4,0.56,0.7,0.5,0.0,0.5,0.22,6
207,0.37,0.58,0.44,0.51,0.5,0.0,0.44,0.22,6
208,0.55,0.45,0.45,0.54,0.5,0.0,0.5,0.22,6
209,0.67,0.68,0.46,0.29,0.5,0.0,0.46,0.22,6
130,0.53,0.51,0.46,0.28,0.5,0.0,0.48,0.22,0
131,0.35,0.66,0.49,0.21,0.5,0.0,0.54,0.25,0
237,0.52,0.4,0.6,0.12,0.5,0.0,0.55,0.22,0
234,0.77,0.79,0.58,0.23,0.5,0.0,0.48,0.22,2
235,0.47,0.46,0.59,0.49,0.5,0.0,0.56,0.22,6
238,0.73,0.83,0.43,0.3,0.5,0.0,0.55,0.22,3
236,0.78,0.74,0.58,0.25,1.0,0.0,0.53,0.22,1
146,0.7,0.65,0.54,0.28,0.5,0.0,0.6,0.4,9
217,0.47,0.54,0.37,0.14,0.5,0.0,0.5,0.22,5
218,0.56,0.52,0.48,0.17,0.5,0.0,0.46,0.22,7
832,0.57,0.41,0.59,0.24,0.5,0.0,0.4,0.22,0
833,0.56,0.41,0.58,0.21,0.5,0.0,0.42,0.22,0
219,0.58,0.56,0.45,0.12,0.5,0.0,0.51,0.22,7
220,0.53,0.38,0.66,0.25,0.5,0.0,0.43,0.22,7
1432,0.34,0.36,0.54,0.11,0.5,0.0,0.36,0.21,7
221,0.69,0.61,0.38,0.27,0.5,0.0,0.52,0.22,4
134,0.37,0.53,0.6,0.19,0.5,0.5,0.42,0.22,8
138,0.41,0.45,0.53,0.17,0.5,0.0,0.51,0.25,7
222,0.31,0.46,0.54,0.52,0.5,0.0,0.5,0.34,7
224,0.36,0.37,0.33,0.14,0.5,0.0,0.57,0.31,5
178,0.82,0.78,0.49,0.23,0.5,0.0,0.46,0.22,2
179,0.82,0.75,0.54,0.23,0.5,0.0,0.46,0.22,2
135,0.41,0.51,0.58,0.15,0.5,0.0,0.45,0.27,0
640,0.38,0.51,0.75,0.17,0.5,0.0,0.55,0.22,0
640,0.38,0.51,0.75,0.17,0.5,0.0,0.55,0.22,0
227,0.53,0.44,0.51,0.33,0.5,0.0,0.52,0.22,6
230,0.46,0.54,0.71,0.15,0.5,0.0,0.59,0.22,6
231,0.4,0.56,0.48,0.14,0.5,0.0,0.47,0.22,6
168,0.53,0.53,0.6,0.13,0.5,0.0,0.49,0.22,6
232,0.42,0.57,0.72,0.22,0.5,0.0,0.57,0.22,6
913,0.45,0.27,0.57,0.36,0.5,0.0,0.52,0.18,0
226,0.2,0.26,0.52,0.14,0.5,0.0,0.53,0.44,0
239,0.51,0.53,0.55,0.14,0.5,0.0,0.51,0.22,0
225,0.44,0.68,0.45,0.51,0.5,0.0,0.52,0.41,6
240,0.27,0.39,0.66,0.11,0.5,0.0,0.44,0.22,6
244,0.55,0.42,0.34,0.3,0.5,0.0,0.52,0.22,5
245,0.34,0.42,0.3,0.23,0.5,0.0,0.53,0.22,5
572,0.44,0.53,0.52,0.23,0.5,0.83,0.51,0.22,8
241,0.59,0.58,0.56,0.21,0.5,0.0,0.54,0.33,7
242,0.39,0.28,0.46,0.12,0.5,0.0,0.41,0.22,7
243,0.56,0.43,0.54,0.16,0.5,0.0,0.5,0.22,7
247,0.36,0.68,0.38,0.08,0.5,0.0,0.53,0.25,9
248,0.27,0.36,0.6,0.33,0.5,0.0,0.37,0.31,7
249,0.35,0.4,0.59,0.22,0.5,0.0,0.47,0.37,7
250,0.42,0.32,0.5,0.21,0.5,0.0,0.51,0.22,7
251,0.23,0.2,0.53,0.2,0.5,0.0,0.44,0.22,7
252,0.55,0.54,0.56,0.22,0.5,0.0,0.5,0.37,7
257,0.36,0.24,0.49,0.16,0.5,0.0,0.51,0.22,7
258,0.38,0.48,0.59,0.22,0.5,0.0,0.46,0.22,0
287,0.8,0.46,0.5,0.15,0.5,0.0,0.53,0.22,0
286,0.6,0.56,0.47,0.2,0.5,0.0,0.5,0.38,7
263,0.41,0.24,0.54,0.26,0.5,0.0,0.41,0.22,7
267,0.47,0.65,0.54,0.62,0.5,0.0,0.53,0.36,6
269,0.43,0.39,0.54,0.14,0.5,0.0,0.47,0.22,7
271,0.5,0.51,0.52,0.09,0.5,0.0,0.48,0.25,7
272,0.53,0.61,0.52,0.21,0.5,0.0,0.55,0.3,7
273,0.54,0.42,0.41,0.16,0.5,0.0,0.52,0.22,4
1182,0.46,0.35,0.53,0.16,0.5,0.0,0.51,0.29,0
282,0.46,0.43,0.49,0.79,0.5,0.0,0.49,0.63,7
77,0.51,0.55,0.35,0.16,0.5,0.0,0.51,0.47,5
283,0.56,0.52,0.55,0.19,0.5,0.0,0.54,0.22,0
1228,0.61,0.3,0.59,0.12,0.5,0.0,0.49,0.27,7
284,0.37,0.53,0.46,0.23,0.5,0.0,0.47,0.22,7
285,0.83,0.58,0.33,0.04,0.5,0.0,0.53,0.22,4
294,0.39,0.45,0.53,0.18,0.5,0.0,0.54,0.22,0
297,0.52,0.54,0.5,0.21,0.5,0.0,0.48,0.3,0
302,0.35,0.39,0.57,0.11,0.5,0.0,0.48,0.22,7
83,0.36,0.49,0.3,0.22,0.5,0.0,0.52,0.31,5
304,0.78,0.7,0.32,0.23,0.5,0.0,0.53,0.22,3
305,0.55,0.46,0.53,0.11,0.5,0.0,0.52,0.48,0
306,0.45,0.56,0.54,0.32,0.5,0.0,0.57,0.22,0
307,0.45,0.56,0.53,0.32,0.5,0.0,0.57,0.22,0
308,0.29,0.43,0.4,0.15,0.5,0.0,0.53,0.22,5
310,0.52,0.75,0.37,0.14,0.5,0.0,0.46,0.22,5
311,0.71,0.56,0.39,0.27,0.5,0.0,0.52,0.22,4
312,0.58,0.6,0.43,0.12,0.5,0.0,0.55,0.22,5
1231,0.54,0.65,0.49,0.34,0.5,0.0,0.52,0.22,0
216,0.57,0.59,0.44,0.16,0.5,0.0,0.52,0.22,4
521,0.59,0.58,0.46,0.19,0.5,0.0,0.56,0.27,0
313,0.92,0.61,0.4,0.22,0.5,0.0,0.54,0.22,4
342,0.55,0.56,0.45,0.14,0.5,0.0,0.54,0.22,0
309,0.63,0.61,0.41,0.22,0.5,0.0,0.51,0.22,5
314,0.58,0.53,0.38,0.18,0.5,0.0,0.52,0.22,5
315,0.36,0.46,0.43,0.19,0.5,0.0,0.48,0.22,5
316,0.32,0.47,0.55,0.12,0.5,0.0,0.52,0.22,0
317,0.34,0.38,0.45,0.19,0.5,0.0,0.51,0.22,4
318,0.62,0.58,0.46,0.13,0.5,0.0,0.53,0.22,0
331,0.53,0.68,0.42,0.19,0.5,0.0,0.53,0.22,5
319,0.73,0.55,0.41,0.16,0.5,0.0,0.46,0.22,4
320,0.55,0.46,0.46,0.31,0.5,0.0,0.58,0.48,7
321,0.35,0.6,0.47,0.13,0.5,0.0,0.52,0.43,7
322,0.77,0.8,0.51,0.4,1.0,0.0,0.54,0.22,1
323,0.77,0.87,0.47,0.37,0.5,0.0,0.48,0.22,2
543,0.35,0.46,0.49,0.15,1.0,0.0,0.55,0.35,0
326,0.43,0.51,0.48,0.14,0.5,0.0,0.5,0.22,0
327,0.57,0.61,0.45,0.26,0.5,0.0,0.5,0.22,0
328,0.63,0.62,0.42,0.12,0.5,0.0,0.52,0.25,0
196,0.25,0.4,0.51,0.18,0.5,0.0,0.5,0.27,0
40,0.56,0.62,0.53,0.24,0.5,0.0,0.57,0.22,0
324,0.58,0.6,0.51,0.24,0.5,0.0,0.53,0.22,0
325,0.71,0.59,0.53,0.15,0.5,0.0,0.49,0.33,0
330,0.46,0.35,0.33,0.17,0.5,0.0,0.55,0.22,5
332,0.54,0.55,0.42,0.22,0.5,0.0,0.48,0.22,5
333,0.39,0.44,0.28,0.12,0.5,0.0,0.46,0.27,5
334,0.33,0.44,0.49,0.08,0.5,0.0,0.48,0.49,7
339,0.81,0.82,0.41,0.36,0.5,0.0,0.39,0.22,2
341,0.69,0.6,0.51,0.13,0.5,0.83,0.52,0.22,8
1230,0.46,0.48,0.44,0.21,0.5,0.0,0.55,0.22,8
338,0.35,0.36,0.57,0.17,0.5,0.0,0.52,0.22,0
336,0.74,0.72,0.47,0.25,0.5,0.0,0.57,0.22,3
337,0.54,0.57,0.52,0.19,0.5,0.0,0.59,0.67,7
343,0.42,0.52,0.4,0.17,0.5,0.0,0.5,0.26,5
344,0.91,0.77,0.34,0.47,0.5,0.0,0.52,0.31,3
1438,0.81,0.9,0.39,0.41,0.5,0.0,0.53,0.22,4
1184,0.45,0.4,0.56,0.14,0.5,0.0,0.54,0.22,0
1185,0.47,0.47,0.58,0.16,0.5,0.0,0.49,0.28,0
346,0.41,0.39,0.51,0.52,0.5,0.0,0.49,0.22,0
345,0.37,0.34,0.32,0.22,0.5,0.0,0.56,0.22,5
347,0.69,0.6,0.5,0.31,0.5,0.0,0.55,0.22,0
348,0.35,0.56,0.36,0.3,0.5,0.0,0.53,0.25,5
349,0.84,0.66,0.36,0.78,0.5,0.0,0.49,0.5,3
350,0.51,0.58,0.54,0.29,0.5,0.0,0.53,0.22,0
351,0.37,0.43,0.62,0.27,0.5,0.0,0.48,0.22,7
357,0.55,0.66,0.57,0.32,0.5,0.0,0.57,0.34,0
358,0.48,0.35,0.42,0.21,0.5,0.0,0.57,0.22,0
363,0.62,0.58,0.52,0.15,0.5,0.0,0.52,0.29,0
364,0.56,0.59,0.53,0.16,0.5,0.0,0.24,0.42,7
359,0.44,0.51,0.37,0.15,0.5,0.0,0.51,0.22,5
360,0.44,0.44,0.49,0.15,0.5,0.0,0.46,0.27,7
361,0.5,0.5,0.48,0.17,0.5,0.0,0.47,0.26,0
362,0.6,0.6,0.49,0.3,0.5,0.0,0.53,0.22,7
365,0.49,0.46,0.34,0.21,0.5,0.0,0.55,0.22,5
366,0.35,0.68,0.57,0.4,0.5,0.0,0.53,0.36,7
367,0.7,0.69,0.43,0.33,0.5,0.0,0.58,0.22,3
371,0.23,0.3,0.58,0.22,0.5,0.0,0.48,0.27,7
292,0.45,0.42,0.52,0.2,0.5,0.0,0.5,0.25,0
466,0.51,0.35,0.46,0.15,0.5,0.0,0.51,0.42,0
290,0.42,0.39,0.47,0.13,0.5,0.0,0.5,0.27,0
291,0.32,0.38,0.52,0.2,0.5,0.0,0.52,0.28,0
289,0.59,0.65,0.52,0.3,0.5,0.0,0.46,0.31,0
372,0.41,0.52,0.41,0.11,0.5,0.0,0.54,0.35,0
373,0.37,0.33,0.5,0.12,0.5,0.0,0.51,0.54,0
288,0.45,0.56,0.49,0.17,0.5,0.0,0.52,0.22,0
374,0.56,0.54,0.59,0.14,0.5,0.0,0.52,0.27,7
375,0.31,0.31,0.54,0.18,0.5,0.0,0.52,0.29,7
376,0.27,0.51,0.47,0.35,0.5,0.0,0.49,0.28,7
377,0.54,0.56,0.57,0.18,0.5,0.0,0.45,0.25,7
378,0.17,0.38,0.45,0.09,0.5,0.0,0.54,0.27,7
379,0.43,0.51,0.54,0.15,0.5,0.0,0.45,0.26,7
380,0.6,0.4,0.59,0.18,0.5,0.0,0.48,0.22,0
381,0.91,0.69,0.57,0.45,0.5,0.0,0.56,0.22,4
262,0.38,0.47,0.53,0.12,0.5,0.0,0.48,0.22,0
261,0.59,0.43,0.52,0.19,0.5,0.0,0.55,0.27,0
382,0.64,0.53,0.45,0.13,0.5,0.0,0.53,0.22,0
383,0.49,0.31,0.34,0.13,0.5,0.0,0.52,0.22,5
384,0.52,0.51,0.51,0.12,0.5,0.0,0.51,0.4,0
385,0.49,0.43,0.48,0.15,0.5,0.0,0.55,0.25,0
757,0.49,0.47,0.52,0.16,0.5,0.0,0.53,0.28,0
449,0.48,0.39,0.49,0.18,0.5,0.0,0.51,0.22,0
387,0.44,0.34,0.55,0.18,0.5,0.0,0.52,0.22,0
386,0.43,0.54,0.58,0.16,0.5,0.0,0.5,0.36,7
1198,0.49,0.42,0.54,0.17,0.5,0.0,0.5,0.36,0
388,0.34,0.66,0.51,0.16,0.5,0.0,0.47,0.33,7
390,0.2,0.34,0.33,0.1,0.5,0.0,0.48,0.31,5
1,0.74,0.53,0.5,0.08,0.5,0.0,0.55,0.31,0
393,0.69,0.48,0.38,0.15,0.5,0.0,0.55,0.22,4
368,0.3,0.5,0.47,0.11,0.5,0.0,0.46,0.22,0
394,0.44,0.51,0.48,0.38,0.5,0.0,0.52,0.22,0
737,0.31,0.45,0.5,0.17,0.5,0.0,0.49,0.22,0
745,0.55,0.41,0.56,0.21,0.5,0.0,0.52,0.22,0
734,0.4,0.34,0.52,0.17,0.5,0.0,0.47,0.51,7
1188,0.4,0.48,0.5,0.17,0.5,0.0,0.54,0.5,0
399,0.58,0.48,0.56,0.1,0.5,0.0,0.46,0.25,7
400,0.58,0.48,0.56,0.12,0.5,0.0,0.46,0.25,7
1294,0.58,0.45,0.48,0.24,0.5,0.0,0.52,0.37,0
1295,0.58,0.41,0.51,0.26,0.5,0.0,0.51,0.37,0
401,0.41,0.6,0.53,0.29,0.5,0.0,0.47,0.43,7
395,0.69,0.5,0.49,0.42,0.5,0.0,0.49,0.22,6
410,0.38,0.49,0.61,0.13,0.5,0.0,0.54,0.22,0
233,0.6,0.48,0.44,0.52,0.5,0.0,0.54,0.63,7
411,0.47,0.49,0.63,0.17,0.5,0.0,0.31,0.26,7
412,0.28,0.51,0.55,0.11,0.5,0.0,0.46,0.22,7
413,0.56,0.57,0.63,0.39,1.0,0.0,0.59,0.4,7
414,0.21,0.38,0.49,0.16,0.5,0.0,0.51,0.45,0
415,0.46,0.57,0.57,0.15,0.5,0.0,0.52,0.26,7
416,0.43,0.42,0.54,0.22,0.5,0.0,0.57,0.33,7
417,0.57,0.59,0.5,0.58,0.5,0.0,0.53,0.22,6
256,0.48,0.34,0.47,0.14,0.5,0.0,0.47,0.26,0
420,0.35,0.4,0.53,0.18,0.5,0.0,0.42,0.38,0
421,0.47,0.45,0.53,0.62,0.5,0.0,0.46,0.22,6
418,0.53,0.43,0.47,0.15,0.5,0.0,0.58,0.22,0
419,0.46,0.45,0.56,0.16,0.5,0.0,0.56,0.22,0
422,0.44,0.42,0.62,0.14,0.5,0.0,0.55,0.37,7
409,0.37,0.34,0.58,0.24,0.5,0.0,0.44,0.18,7
409,0.37,0.34,0.58,0.24,0.5,0.0,0.44,0.18,7
408,0.39,0.39,0.55,0.52,0.5,0.0,0.37,0.16,7
408,0.39,0.39,0.55,0.52,0.5,0.0,0.37,0.16,7
423,0.48,0.46,0.38,0.29,0.5,0.0,0.53,0.22,5
424,0.48,0.57,0.5,0.09,0.5,0.0,0.52,0.42,7
425,0.61,0.57,0.45,0.21,0.5,0.0,0.5,0.42,7
426,0.56,0.44,0.56,0.19,0.5,0.0,0.54,0.22,0
427,0.51,0.63,0.3,0.35,0.5,0.0,0.53,0.27,5
428,0.53,0.68,0.34,0.42,0.5,0.0,0.54,0.27,5
573,0.37,0.22,0.64,0.35,0.5,0.0,0.47,0.22,7
574,0.51,0.48,0.58,0.22,0.5,0.0,0.5,0.28,7
639,0.49,0.37,0.59,0.17,0.5,0.0,0.51,0.22,7
574,0.51,0.48,0.58,0.22,0.5,0.0,0.5,0.28,7
430,0.53,0.53,0.53,0.17,0.5,0.0,0.49,0.37,7
429,0.29,0.68,0.47,0.26,0.5,0.0,0.47,0.37,7
431,0.5,0.45,0.49,0.15,0.5,0.0,0.55,0.43,7
458,0.33,0.28,0.31,0.24,0.5,0.0,0.53,0.22,5
1421,0.85,0.85,0.3,0.31,0.5,0.0,0.55,0.42,3
432,0.43,0.39,0.51,0.28,0.5,0.0,0.4,0.22,7
444,0.61,0.54,0.49,0.16,0.5,0.0,0.54,0.42,0
445,0.34,0.35,0.61,0.19,0.5,0.0,0.52,0.25,7
177,0.55,0.53,0.56,0.29,0.5,0.0,0.48,0.22,6
402,0.66,0.62,0.52,0.17,0.5,0.0,0.49,0.22,0
433,0.44,0.41,0.58,0.2,0.5,0.0,0.57,0.25,0
434,0.37,0.62,0.34,0.25,0.5,0.0,0.51,0.22,5
435,0.45,0.56,0.51,0.64,0.5,0.0,0.54,0.22,6
446,0.38,0.46,0.52,0.75,0.5,0.0,0.5,0.26,6
443,0.61,0.54,0.49,0.19,0.5,0.0,0.54,0.47,0
404,0.44,0.53,0.52,0.37,0.5,0.0,0.5,0.22,7
405,0.44,0.53,0.52,0.37,0.5,0.0,0.5,0.22,7
406,0.32,0.34,0.61,0.17,0.5,0.0,0.52,0.32,7
407,0.34,0.34,0.61,0.18,0.5,0.0,0.52,0.32,7
1189,0.51,0.68,0.49,0.59,0.5,0.0,0.54,0.27,6
447,0.41,0.3,0.49,0.28,0.5,0.0,0.54,0.22,0
448,0.41,0.43,0.5,0.28,0.5,0.0,0.5,0.22,0
450,0.3,0.5,0.34,0.26,0.5,0.0,0.51,0.22,5
451,0.49,0.4,0.34,0.26,0.5,0.0,0.5,0.22,5
452,0.34,0.4,0.3,0.23,0.5,0.0,0.51,0.22,5
453,0.43,0.44,0.3,0.18,0.5,0.0,0.51,0.22,5
454,0.43,0.45,0.37,0.12,0.5,0.0,0.48,0.22,5
455,0.45,0.57,0.3,0.17,0.5,0.0,0.51,0.22,5
456,0.45,0.57,0.3,0.17,0.5,0.0,0.51,0.22,5
457,0.42,0.44,0.33,0.17,0.5,0.0,0.54,0.27,5
10,0.52,0.5,0.53,0.1,0.5,0.0,0.48,0.22,8
460,0.53,0.56,0.49,0.46,0.5,0.0,0.52,0.22,6
461,0.45,0.54,0.54,0.62,0.5,0.0,0.53,0.22,6
487,0.51,0.43,0.63,0.18,0.5,0.0,0.52,0.22,0
462,0.51,0.52,0.48,0.5,0.5,0.0,0.51,0.22,6
467,0.55,0.49,0.5,0.46,0.5,0.0,0.52,0.25,6
1190,0.5,0.46,0.52,0.16,0.5,0.0,0.52,0.26,0
1229,0.5,0.53,0.45,0.44,0.5,0.0,0.49,0.22,6
476,0.45,0.59,0.53,0.74,0.5,0.0,0.47,0.25,6
475,0.57,0.61,0.55,0.67,0.5,0.0,0.48,0.22,6
477,0.54,0.45,0.62,0.13,0.5,0.0,0.52,0.26,7
478,0.67,0.51,0.53,0.28,0.5,0.0,0.51,0.22,6
479,0.35,0.49,0.47,0.22,0.5,0.0,0.5,0.28,6
459,0.47,0.63,0.66,0.45,0.5,0.0,0.37,0.11,6
480,0.51,0.34,0.43,0.18,0.5,0.0,0.48,0.25,0
481,0.56,0.45,0.59,0.14,0.5,0.0,0.51,0.26,7
482,0.45,0.38,0.59,0.18,0.5,0.0,0.44,0.45,7
489,0.43,0.51,0.6,0.25,0.5,0.0,0.55,0.22,0
490,0.47,0.59,0.43,0.13,0.5,0.0,0.56,0.3,5
491,0.4,0.45,0.42,0.17,0.5,0.0,0.54,0.26,5
492,0.89,0.81,0.36,0.71,0.5,0.0,0.55,0.63,3
493,0.58,0.55,0.52,0.22,0.5,0.0,0.44,0.22,6
494,0.59,0.57,0.46,0.14,0.5,0.0,0.52,0.22,6
495,0.49,0.41,0.32,0.21,0.5,0.0,0.5,0.32,5
496,0.35,0.53,0.35,0.33,0.5,0.0,0.5,0.32,5
497,0.42,0.32,0.61,0.13,0.5,0.0,0.14,0.27,7
1414,0.5,0.46,0.42,0.32,0.5,0.0,0.56,0.55,5
1415,0.68,0.5,0.43,0.27,0.5,0.0,0.61,0.22,4
1416,0.5,0.45,0.49,0.3,0.5,0.0,0.47,0.4,7
14,0.46,0.41,0.5,0.44,0.5,0.0,0.53,0.22,6
1417,0.32,0.36,0.34,0.19,0.5,0.0,0.55,0.26,5
1418,0.4,0.51,0.42,0.13,0.5,0.0,0.45,0.25,5
1419,0.7,0.73,0.37,0.37,0.5,0.0,0.48,0.31,3
1420,0.81,0.76,0.32,0.37,0.5,0.0,0.51,0.22,4
1422,0.65,0.61,0.39,0.3,0.5,0.0,0.57,0.28,5
1423,0.47,0.43,0.35,0.32,0.5,0.0,0.54,0.22,5
498,0.42,0.25,0.6,0.14,0.5,0.0,0.45,0.22,0
507,0.23,0.34,0.41,0.28,0.5,0.0,0.5,0.27,7
397,0.85,0.56,0.33,0.38,1.0,0.0,0.55,0.25,1
508,0.34,0.31,0.6,0.37,0.5,0.0,0.5,0.3,7
514,0.59,0.53,0.47,0.26,0.5,0.0,0.53,0.31,7
515,0.67,0.63,0.34,0.41,0.5,0.0,0.6,0.33,3
516,0.7,0.73,0.38,0.36,0.5,0.0,0.54,0.22,3
688,0.54,0.51,0.54,0.52,0.5,0.0,0.47,0.25,6
689,0.53,0.5,0.54,0.56,0.5,0.0,0.49,0.41,6
517,0.84,0.63,0.38,0.23,0.5,0.0,0.53,0.22,2
518,0.89,0.77,0.36,0.34,0.5,0.0,0.44,0.22,2
522,0.48,0.43,0.45,0.17,0.5,0.0,0.48,0.37,5
523,0.36,0.35,0.47,0.22,0.5,0.0,0.44,0.31,5
519,0.57,0.49,0.48,0.16,0.5,0.0,0.51,0.22,7
524,0.43,0.52,0.53,0.52,1.0,0.0,0.49,0.22,0
525,0.38,0.49,0.54,1.0,0.5,0.0,0.5,0.27,0
1099,0.43,0.32,0.56,0.27,0.5,0.0,0.47,0.27,7
528,0.84,0.87,0.45,0.54,0.5,0.0,0.28,0.22,3
527,0.27,0.56,0.56,0.18,0.5,0.0,0.52,0.22,0
529,0.89,0.82,0.6,0.49,0.5,0.0,0.55,0.22,4
530,0.86,0.92,0.5,0.37,1.0,0.0,0.53,0.32,1
531,0.37,0.55,0.29,0.32,0.5,0.0,0.51,0.22,5
532,0.87,0.83,0.57,0.36,0.5,0.0,0.36,0.22,2
1191,0.43,0.45,0.54,0.14,0.5,0.0,0.5,0.31,0
533,0.52,0.48,0.54,0.28,0.5,0.0,0.54,0.22,7
535,0.77,0.6,0.42,0.33,0.5,0.0,0.57,0.22,4
536,0.76,0.74,0.56,0.34,0.5,0.0,0.51,0.3,4
537,0.58,0.76,0.4,0.37,0.5,0.0,0.54,0.3,4
538,0.94,0.6,0.33,0.49,0.5,0.0,0.54,0.22,4
627,0.36,0.44,0.57,0.18,0.5,0.0,0.42,0.22,6
539,0.42,0.51,0.39,0.22,0.5,0.0,0.49,0.26,5
111,0.52,0.48,0.58,0.55,0.5,0.0,0.48,0.22,0
45,0.42,0.32,0.48,0.16,0.5,0.0,0.55,0.22,9
540,0.43,0.38,0.51,0.24,0.5,0.0,0.46,0.33,7
690,0.48,0.57,0.52,0.61,0.5,0.0,0.51,0.22,6
541,0.83,0.53,0.52,0.2,0.5,0.0,0.48,0.25,4
542,0.36,0.34,0.46,0.19,0.5,0.0,0.52,0.22,4
545,0.51,0.43,0.47,0.19,0.5,0.0,0.52,0.37,0
546,0.54,0.54,0.49,0.14,0.5,0.0,0.56,0.22,0
547,0.44,0.41,0.44,0.13,0.5,0.0,0.49,0.42,7
544,0.52,0.62,0.54,0.19,0.5,0.0,0.5,0.22,6
548,0.46,0.4,0.38,0.18,0.5,0.0,0.49,0.22,5
549,0.68,0.5,0.55,0.65,0.5,0.0,0.46,0.31,6
551,0.53,0.44,0.47,0.22,0.5,0.0,0.53,0.22,7
268,0.48,0.48,0.5,0.47,0.5,0.0,0.55,0.22,6
553,0.46,0.14,0.36,0.21,0.5,0.0,0.5,0.25,5
554,0.5,0.45,0.48,0.17,0.5,0.0,0.5,0.26,0
552,0.44,0.53,0.43,0.17,0.5,0.0,0.54,0.75,7
555,0.46,0.47,0.46,0.16,0.5,0.0,0.51,0.22,0
562,0.52,0.49,0.57,0.57,0.5,0.0,0.51,0.22,7
563,0.62,0.64,0.56,0.2,0.5,0.0,0.48,0.33,7
564,0.46,0.32,0.58,0.17,0.5,0.0,0.61,0.25,7
603,0.78,0.48,0.47,0.3,0.5,0.0,0.53,0.47,4
604,0.49,0.62,0.65,0.18,0.5,0.0,0.46,0.43,7
565,0.5,0.34,0.62,0.19,0.5,0.0,0.57,0.22,0
559,0.39,0.37,0.33,0.23,0.5,0.0,0.53,0.26,5
558,0.39,0.37,0.56,0.15,0.5,0.0,0.5,0.27,0
557,0.33,0.37,0.54,0.28,0.5,0.0,0.53,0.27,7
561,0.39,0.37,0.33,0.23,0.5,0.0,0.52,0.26,5
560,0.33,0.38,0.53,0.26,0.5,0.0,0.52,0.27,7
46,0.48,0.51,0.57,0.24,0.5,0.0,0.5,0.22,0
616,0.5,0.62,0.54,0.66,0.5,0.0,0.49,0.22,6
615,0.47,0.54,0.54,0.48,0.5,0.0,0.53,0.26,6
694,0.72,0.58,0.42,0.28,0.5,0.0,0.48,0.22,6
570,0.41,0.41,0.51,0.19,0.5,0.0,0.57,0.22,6
696,0.81,0.65,0.52,0.41,0.5,0.0,0.57,0.26,6
575,0.5,0.49,0.52,0.2,0.5,0.0,0.43,0.52,7
577,0.18,0.48,0.46,0.12,0.5,0.0,0.0,0.25,7
578,0.26,0.38,0.52,0.36,0.5,0.0,0.48,0.56,7
579,0.53,0.51,0.51,0.11,0.5,0.0,0.49,0.41,7
582,0.58,0.49,0.5,0.41,0.5,0.0,0.57,0.22,6
581,0.62,0.6,0.47,0.16,0.5,0.0,0.53,0.22,0
583,0.68,0.58,0.51,0.19,0.5,0.83,0.54,0.22,8
584,0.4,0.52,0.53,0.52,0.5,0.0,0.51,0.22,6
585,0.51,0.47,0.41,0.44,0.5,0.0,0.5,0.22,5
586,0.72,0.56,0.4,0.26,0.5,0.0,0.51,0.26,4
587,0.49,0.44,0.45,0.22,0.5,0.0,0.51,0.22,0
580,0.32,0.47,0.55,0.25,0.5,0.0,0.49,0.22,6
588,0.46,0.57,0.52,0.28,0.5,0.0,0.52,0.22,7
299,0.53,0.48,0.45,0.44,0.5,0.0,0.49,0.27,6
300,0.49,0.48,0.46,0.63,0.5,0.0,0.52,0.22,6
589,0.7,0.53,0.42,0.22,0.5,0.0,0.51,0.28,7
39,0.68,0.68,0.49,0.15,0.5,0.0,0.53,0.22,2
590,0.47,0.6,0.35,0.21,0.5,0.0,0.52,0.22,5
591,0.55,0.49,0.45,0.18,0.5,0.0,0.49,0.22,7
592,0.4,0.53,0.61,0.21,0.5,0.0,0.48,0.33,7
1195,0.57,0.44,0.42,0.2,0.5,0.0,0.54,0.22,0
593,0.4,0.47,0.48,0.18,0.5,0.0,0.46,0.22,0
637,0.34,0.54,0.54,0.13,0.5,0.0,0.52,0.22,0
638,0.43,0.83,0.55,0.2,0.5,0.0,0.47,0.4,7
594,0.55,0.65,0.5,0.28,0.5,0.0,0.55,0.22,7
595,0.29,0.46,0.54,0.27,0.5,0.0,0.49,0.22,0
596,0.46,0.42,0.6,0.21,0.5,0.0,0.4,0.22,2
597,0.8,0.81,0.55,0.35,0.5,0.0,0.42,0.22,2
598,0.79,0.74,0.49,0.33,0.5,0.0,0.48,0.22,2
398,0.45,0.48,0.63,0.67,0.5,0.0,0.48,0.22,6
599,0.66,0.52,0.52,0.44,0.5,0.0,0.56,0.27,6
556,0.5,0.49,0.59,0.47,0.5,0.0,0.49,0.36,6
600,0.54,0.52,0.54,0.2,0.5,0.0,0.55,0.25,7
601,0.37,0.31,0.53,0.16,0.5,0.0,0.53,0.44,7
602,0.43,0.39,0.59,0.13,0.5,0.0,0.41,0.43,7
279,0.48,0.47,0.54,0.55,0.5,0.0,0.51,0.65,6
612,0.6,0.59,0.45,0.23,0.5,0.0,0.55,0.22,6
116,0.45,0.73,0.47,0.65,0.5,0.0,0.54,0.43,6
605,0.66,0.54,0.49,0.16,0.5,0.0,0.54,0.36,7
606,0.46,0.55,0.61,0.13,0.5,0.0,0.47,0.22,0
571,0.42,0.5,0.53,0.22,0.5,0.83,0.5,0.22,8
607,0.66,0.66,0.32,0.54,0.5,0.0,0.51,0.22,4
608,0.74,0.56,0.35,0.36,0.5,0.0,0.51,0.25,4
609,0.89,0.52,0.41,0.26,0.5,0.0,0.52,0.31,4
610,0.67,0.51,0.54,0.21,0.5,0.0,0.43,0.3,6
611,0.58,0.46,0.46,0.34,0.5,0.0,0.5,0.43,7
613,0.4,0.68,0.5,0.82,0.5,0.0,0.44,0.36,6
614,0.59,0.57,0.43,0.26,0.5,0.0,0.51,0.22,6
617,0.39,0.3,0.56,0.12,0.5,0.0,0.53,0.38,7
885,0.6,0.62,0.54,0.4,0.5,0.0,0.5,0.22,6
1013,0.36,0.4,0.53,0.48,0.5,0.0,0.48,0.22,6
1019,0.51,0.42,0.56,0.38,0.5,0.0,0.46,0.22,6
1020,0.41,0.54,0.58,0.2,0.5,0.0,0.52,0.22,6
1014,0.57,0.4,0.62,0.3,0.5,0.0,0.48,0.11,6
952,0.52,0.5,0.59,0.31,0.5,0.0,0.5,0.22,6
1015,0.42,0.53,0.53,0.64,0.5,0.0,0.47,0.22,6
954,0.5,0.46,0.64,0.36,0.5,0.0,0.49,0.22,6
936,0.6,0.51,0.6,0.38,0.5,0.83,0.52,0.24,6
1017,0.45,0.38,0.64,0.14,0.5,0.0,0.54,0.22,6
941,0.6,0.57,0.64,0.52,0.5,0.0,0.47,0.28,6
942,0.53,0.42,0.58,0.29,0.5,0.0,0.5,0.22,6
943,0.41,0.52,0.53,0.41,0.5,0.0,0.39,0.33,6
944,0.45,0.43,0.63,0.4,0.5,0.0,0.59,0.11,6
945,0.44,0.44,0.67,0.35,0.5,0.0,0.48,0.26,6
946,0.58,0.52,0.61,0.33,0.5,0.0,0.38,0.11,6
947,0.57,0.61,0.55,0.27,0.5,0.0,0.44,0.21,6
948,0.57,0.58,0.58,0.35,0.5,0.0,0.49,0.22,6
949,0.64,0.64,0.56,0.21,0.5,0.0,0.5,0.22,6
950,0.56,0.5,0.61,0.49,0.5,0.0,0.46,0.28,6
951,0.6,0.46,0.59,0.16,0.5,0.0,0.49,0.22,6
937,0.36,0.38,0.56,0.44,0.5,0.0,0.48,0.22,6
953,0.53,0.52,0.61,0.35,0.5,0.0,0.5,0.22,6
938,0.62,0.59,0.54,0.47,0.5,0.0,0.46,0.22,6
939,0.55,0.5,0.6,0.31,0.5,0.0,0.46,0.27,6
940,0.58,0.53,0.57,0.46,0.5,0.0,0.51,0.27,6
1021,0.65,0.53,0.55,0.52,0.5,0.0,0.47,0.27,6
1016,0.38,0.54,0.54,0.41,0.5,0.0,0.51,0.22,6
1018,0.58,0.53,0.5,0.53,0.5,0.0,0.47,0.31,6
619,0.61,0.46,0.51,0.37,0.5,0.0,0.51,0.22,6
620,0.55,0.59,0.47,0.64,0.5,0.0,0.54,0.33,6
621,0.54,0.64,0.5,0.13,0.5,0.0,0.49,0.22,6
622,0.4,0.74,0.49,0.16,0.5,0.0,0.51,0.22,6
626,0.76,0.76,0.35,0.27,0.5,0.0,0.44,0.22,3
1183,0.51,0.56,0.51,0.42,0.5,0.0,0.53,0.36,6
1186,0.43,0.32,0.5,0.29,0.5,0.0,0.5,0.22,6
628,0.49,0.44,0.45,0.55,0.5,0.0,0.48,0.22,6
629,0.32,0.45,0.44,0.2,0.5,0.0,0.55,0.33,7
630,0.51,0.6,0.51,0.26,0.5,0.0,0.54,0.22,7
631,0.49,0.46,0.42,0.46,0.5,0.0,0.55,0.22,7
1192,0.5,0.56,0.49,0.61,0.5,0.0,0.5,0.22,6
1196,0.51,0.48,0.51,0.43,0.5,0.0,0.49,0.22,6
632,0.52,0.38,0.62,0.12,0.5,0.0,0.41,0.28,7
633,0.53,0.4,0.57,0.12,0.5,0.0,0.53,0.32,7
634,0.51,0.56,0.62,0.24,0.5,0.0,0.52,0.51,7
635,0.63,0.6,0.5,0.27,0.5,0.0,0.55,0.22,6
1199,0.46,0.44,0.53,0.31,0.5,0.0,0.48,0.22,6
636,0.58,0.57,0.54,0.69,0.5,0.0,0.54,0.22,6
623,0.61,0.59,0.47,0.49,0.5,0.0,0.54,0.22,6
624,0.63,0.47,0.56,0.12,0.5,0.0,0.5,0.22,6
625,0.55,0.53,0.54,0.4,0.5,0.0,0.48,0.22,6
1202,0.41,0.47,0.58,0.62,0.5,0.0,0.5,0.22,6
1204,0.44,0.53,0.53,0.37,0.5,0.0,0.51,0.22,6
641,0.57,0.4,0.48,0.24,0.5,0.0,0.55,0.22,0
642,0.46,0.46,0.56,0.12,0.5,0.0,0.55,0.22,6
1025,0.47,0.46,0.55,0.28,0.5,0.0,0.44,0.46,7
1433,0.39,0.35,0.49,0.17,0.5,0.0,0.49,0.22,7
643,0.58,0.38,0.4,0.21,0.5,0.0,0.5,0.22,0
644,0.53,0.41,0.5,0.24,1.0,0.0,0.47,0.22,0
645,0.43,0.4,0.5,0.18,0.5,0.0,0.5,0.28,0
1447,0.41,0.59,0.46,0.19,0.5,0.0,0.36,0.22,2
1448,0.58,0.56,0.52,0.25,0.5,0.0,0.57,0.35,7
1449,0.51,0.65,0.53,0.19,0.5,0.0,0.49,0.22,2
1450,0.81,0.79,0.32,0.37,0.5,0.0,0.41,0.22,3
1451,0.44,0.41,0.29,0.21,0.5,0.0,0.49,0.22,5
648,0.49,0.6,0.55,0.17,0.5,0.0,0.44,0.22,0
649,0.56,0.63,0.52,0.2,0.5,0.0,0.34,0.26,7
650,0.42,0.28,0.57,0.18,0.5,0.0,0.42,0.22,7
651,0.51,0.46,0.54,0.41,0.5,0.0,0.53,0.22,6
1194,0.6,0.51,0.52,0.45,0.5,0.0,0.5,0.27,6
652,0.37,0.41,0.45,0.14,0.5,0.0,0.47,0.22,0
653,0.37,0.51,0.57,0.4,0.5,0.0,0.48,0.27,6
654,0.36,0.39,0.55,0.26,0.5,0.0,0.49,0.22,7
655,0.5,0.36,0.53,0.41,0.5,0.0,0.55,0.36,0
656,0.59,0.58,0.39,0.52,0.5,0.0,0.5,0.31,0
658,0.78,0.63,0.53,0.13,0.5,0.0,0.54,0.22,4
659,0.47,0.59,0.37,0.31,0.5,0.0,0.51,0.36,7
136,0.48,0.62,0.52,0.3,0.5,0.0,0.51,0.37,7
660,0.53,0.61,0.51,0.49,0.5,0.0,0.54,0.27,6
661,0.48,0.54,0.53,0.6,0.5,0.0,0.53,0.31,7
22,0.33,0.46,0.53,0.29,0.5,0.0,0.5,0.55,7
662,0.36,0.44,0.51,0.17,0.5,0.0,0.6,0.19,7
663,0.39,0.34,0.68,0.3,0.5,0.0,0.5,0.29,7
664,0.11,0.41,0.67,0.13,0.5,0.0,0.45,0.29,7
665,0.4,0.53,0.44,0.18,0.5,0.0,0.54,0.31,7
666,0.47,0.5,0.55,0.19,0.5,0.0,0.62,0.22,0
667,0.35,0.5,0.44,0.27,0.5,0.0,0.51,0.22,0
668,0.36,0.3,0.5,0.19,0.5,0.0,0.55,0.3,7
669,0.49,0.44,0.51,0.18,0.5,0.0,0.52,0.27,0
329,0.35,0.44,0.54,0.26,0.5,0.0,0.52,0.26,7
670,0.43,0.28,0.53,0.34,0.5,0.0,0.55,0.57,7
672,0.33,0.48,0.55,0.16,0.5,0.0,0.53,0.75,7
675,0.45,0.21,0.49,0.24,0.5,0.0,0.46,0.31,7
671,0.44,0.34,0.61,0.13,0.5,0.0,0.49,0.26,7
678,0.87,0.47,0.6,0.47,0.5,0.0,0.59,0.22,7
679,0.3,0.55,0.58,0.16,0.5,0.0,0.61,0.28,7
1252,0.29,0.34,0.55,0.24,0.5,0.0,0.51,0.22,0
681,0.75,0.67,0.51,0.29,0.5,0.0,0.52,0.36,6
962,0.47,0.47,0.5,0.15,0.5,0.0,0.5,0.48,7
682,0.51,0.34,0.49,0.16,0.5,0.0,0.53,0.21,7
683,0.64,0.76,0.51,0.18,0.5,0.0,0.46,0.22,7
684,0.45,0.41,0.58,0.48,0.5,0.0,0.53,0.64,7
646,0.9,0.54,0.59,0.2,0.5,0.0,0.48,0.22,7
647,0.88,0.59,0.54,0.39,0.5,0.0,0.41,0.3,7
1426,0.7,0.51,0.47,0.24,0.5,0.0,0.53,0.25,7
685,0.25,0.36,0.58,0.3,0.5,0.0,0.58,0.31,7
680,0.69,0.62,0.49,0.0,1.0,0.0,0.47,0.22,7
687,0.83,0.57,0.42,0.57,0.5,0.0,0.5,0.32,4
12,0.43,0.38,0.38,0.12,0.5,0.0,0.5,0.22,4
87,0.78,0.65,0.4,0.16,0.5,0.0,0.63,0.22,6
84,0.52,0.64,0.34,0.16,0.5,0.0,0.57,0.22,6
695,0.75,0.66,0.64,0.39,0.5,0.0,0.46,0.32,6
756,0.41,0.49,0.58,0.22,0.5,0.0,0.52,0.22,6
697,0.58,0.51,0.56,0.16,0.5,0.0,0.34,0.22,7
721,0.48,0.49,0.45,0.23,0.5,0.0,0.51,0.22,5
698,0.39,0.42,0.49,0.1,0.5,0.0,0.49,0.65,7
1399,0.31,0.42,0.48,0.17,0.5,0.0,0.49,0.53,7
1441,0.39,0.28,0.54,0.14,0.5,0.0,0.59,0.22,6
1412,0.76,0.67,0.37,0.22,0.5,0.0,0.54,0.22,4
1374,0.49,0.27,0.57,0.18,0.5,0.83,0.54,0.22,8
705,0.28,0.48,0.56,0.16,0.5,0.0,0.48,0.26,0
706,0.69,0.39,0.52,0.12,0.5,0.0,0.38,0.35,0
707,0.64,0.52,0.5,0.26,0.5,0.0,0.51,0.31,7
708,0.56,0.48,0.5,0.3,0.5,0.0,0.51,0.22,0
816,0.5,0.5,0.54,0.16,0.5,0.0,0.49,0.22,8
1278,0.47,0.43,0.59,0.27,0.5,0.0,0.55,0.22,8
709,0.68,0.59,0.44,0.49,0.5,0.0,0.4,0.26,8
710,0.5,0.51,0.57,0.27,0.5,0.0,0.48,0.22,8
486,0.45,0.46,0.61,0.2,0.5,0.0,0.62,0.22,0
75,0.53,0.51,0.36,0.13,0.5,0.0,0.52,0.22,5
691,0.6,0.54,0.54,0.53,0.5,0.0,0.52,0.27,6
692,0.49,0.52,0.53,0.7,0.5,0.0,0.51,0.22,6
253,0.49,0.45,0.53,0.16,0.5,0.0,0.49,0.31,0
712,0.51,0.46,0.57,0.25,0.5,0.0,0.53,0.22,0
254,0.49,0.45,0.46,0.18,0.5,0.0,0.49,0.31,0
255,0.52,0.46,0.51,0.18,0.5,0.0,0.5,0.22,0
194,0.55,0.59,0.52,0.1,0.5,0.0,0.53,0.22,0
195,0.39,0.58,0.5,0.1,0.5,0.0,0.51,0.25,0
713,0.7,0.84,0.49,0.28,1.0,0.0,0.58,0.22,1
714,0.33,0.38,0.45,0.19,0.5,0.0,0.54,0.37,7
715,0.61,0.46,0.44,0.47,0.5,0.0,0.5,0.37,7
717,0.41,0.48,0.38,0.13,0.5,0.0,0.51,0.35,5
718,0.37,0.42,0.6,0.13,0.5,0.0,0.51,0.22,7
693,0.45,0.58,0.59,0.44,0.5,0.0,0.56,0.22,6
722,0.74,0.89,0.32,0.24,0.5,0.0,0.54,0.32,3
719,0.28,0.46,0.26,0.18,0.5,0.0,0.39,0.22,9
723,0.51,0.46,0.49,0.21,0.5,0.0,0.55,0.22,9
132,0.8,0.82,0.57,0.26,0.5,0.0,0.57,0.27,9
303,0.46,0.49,0.45,0.28,0.5,0.0,0.55,0.22,9
724,0.4,0.36,0.55,0.15,0.5,0.0,0.53,0.22,9
725,0.67,0.46,0.58,0.3,0.5,0.0,0.57,0.27,7
804,0.5,0.32,0.49,0.49,0.5,0.0,0.48,0.32,6
805,0.45,0.53,0.47,0.43,0.5,0.0,0.5,0.27,6
806,0.75,0.6,0.43,0.35,0.5,0.0,0.45,0.27,6
807,0.56,0.68,0.52,0.39,0.5,0.0,0.36,0.22,6
1023,0.48,0.45,0.59,0.35,0.5,0.0,0.55,0.3,6
808,0.26,0.28,0.6,0.2,0.5,0.0,0.54,0.31,6
810,0.59,0.45,0.58,0.21,0.5,0.0,0.49,0.22,6
803,0.48,0.52,0.49,0.35,0.5,0.5,0.51,0.22,6
811,0.59,0.58,0.47,0.61,0.5,0.0,0.44,0.3,6
809,0.5,0.57,0.62,0.25,0.5,0.0,0.51,0.22,6
499,0.57,0.49,0.5,0.2,0.5,0.0,0.51,0.28,0
500,0.62,0.43,0.49,0.29,0.5,0.0,0.5,0.27,0
0,0.45,0.41,0.49,0.14,1.0,0.0,0.53,0.3,0
798,0.47,0.49,0.6,0.15,0.5,0.0,0.38,0.22,0
726,0.41,0.48,0.54,0.24,0.5,0.0,0.37,0.51,7
356,0.46,0.46,0.53,0.23,0.5,0.0,0.51,0.22,0
727,0.48,0.42,0.48,0.19,0.5,0.0,0.58,0.22,0
728,0.43,0.45,0.53,0.19,0.5,0.0,0.56,0.22,0
729,0.28,0.36,0.55,0.15,0.5,0.0,0.57,0.22,0
733,0.48,0.46,0.58,0.26,0.5,0.0,0.44,0.22,7
761,0.74,0.72,0.5,0.28,0.5,0.0,0.5,0.27,2
762,0.74,0.72,0.5,0.28,0.5,0.0,0.49,0.27,2
753,0.38,0.62,0.52,0.14,0.5,0.0,0.53,0.22,0
759,0.77,0.72,0.48,0.26,0.5,0.0,0.51,0.22,2
735,0.44,0.42,0.57,0.22,0.5,0.0,0.5,0.25,7
760,0.74,0.74,0.51,0.27,0.5,0.0,0.5,0.22,2
763,0.39,0.81,0.35,0.28,0.5,0.0,0.51,0.45,5
730,0.53,0.54,0.43,0.18,0.5,0.0,0.53,0.31,7
731,0.38,0.45,0.37,0.19,0.5,0.0,0.52,0.3,5
732,0.4,0.37,0.54,0.13,0.5,0.0,0.48,0.22,7
1366,0.31,0.3,0.34,0.19,0.5,0.0,0.55,0.3,5
736,0.5,0.42,0.57,0.49,0.5,0.0,0.48,0.27,7
738,0.59,0.61,0.51,0.62,0.5,0.0,0.51,0.38,6
739,0.45,0.4,0.43,0.22,0.5,0.0,0.51,0.48,7
550,0.47,0.54,0.53,0.77,0.5,0.0,0.52,0.36,6
740,0.77,0.78,0.51,0.28,0.5,0.0,0.33,0.22,2
403,0.74,0.71,0.52,0.3,0.5,0.0,0.27,0.22,2
741,0.77,0.73,0.51,0.27,0.5,0.0,0.34,0.22,2
742,0.47,0.61,0.5,0.23,0.5,0.0,0.49,0.22,5
743,0.78,0.69,0.44,0.26,0.5,0.0,0.54,0.22,3
79,0.49,0.6,0.3,0.34,0.5,0.0,0.5,0.43,5
80,0.27,0.56,0.3,0.14,0.5,0.0,0.52,0.39,5
76,0.4,0.39,0.33,0.17,0.5,0.0,0.51,0.31,9
567,0.55,0.51,0.54,0.2,0.5,0.0,0.56,0.22,0
747,0.95,0.71,0.27,0.39,0.5,0.0,0.31,0.22,4
748,0.97,0.71,0.29,0.42,0.5,0.0,0.35,0.22,4
74,0.44,0.43,0.34,0.21,0.5,0.0,0.55,0.4,5
82,0.39,0.49,0.3,0.19,0.5,0.0,0.52,0.31,5
749,0.38,0.48,0.51,0.13,0.5,0.0,0.5,0.32,7
750,0.37,0.51,0.39,0.18,0.5,0.0,0.51,0.27,5
751,0.27,0.49,0.36,0.26,0.5,0.0,0.49,0.26,5
754,0.49,0.48,0.52,0.2,0.5,0.0,0.55,0.22,7
276,0.36,0.39,0.54,0.16,0.5,0.0,0.5,0.28,7
274,0.54,0.53,0.48,0.14,0.5,0.0,0.49,0.33,7
278,0.37,0.48,0.5,0.26,0.5,0.0,0.52,0.39,7
277,0.25,0.39,0.5,0.23,0.5,0.0,0.5,0.28,7
711,0.49,0.71,0.54,0.13,0.5,0.0,0.58,0.22,7
275,0.56,0.5,0.56,0.26,0.5,0.0,0.53,0.27,7
702,0.41,0.53,0.41,0.15,0.5,0.0,0.54,0.25,7
755,0.5,0.45,0.53,0.21,0.5,0.0,0.28,0.22,7
125,0.46,0.37,0.48,0.36,0.5,0.0,0.48,0.22,8
758,0.66,0.55,0.34,0.2,0.5,0.0,0.62,0.22,5
488,0.42,0.65,0.58,0.34,0.5,0.0,0.5,0.22,6
764,0.45,0.47,0.53,0.15,0.5,0.0,0.52,0.27,0
765,0.42,0.28,0.51,0.23,0.5,0.0,0.53,0.27,7
766,0.51,0.48,0.46,0.29,0.5,0.0,0.54,0.22,0
800,0.75,0.69,0.48,0.13,0.5,0.0,0.57,0.4,9
147,0.69,0.7,0.5,0.3,0.5,0.0,0.54,0.22,9
801,0.63,0.55,0.53,0.51,0.5,0.0,0.55,0.22,9
790,0.55,0.63,0.54,0.16,0.5,0.0,0.45,0.27,0
788,0.46,0.62,0.54,0.25,0.5,0.0,0.46,0.22,0
787,0.53,0.59,0.48,0.14,0.5,0.0,0.51,0.22,0
791,0.42,0.53,0.57,0.17,0.5,0.0,0.49,0.22,0
781,0.52,0.46,0.56,0.2,0.5,0.0,0.5,0.22,0
784,0.53,0.43,0.57,0.24,0.5,0.0,0.39,0.28,0
794,0.33,0.35,0.56,0.19,0.5,0.0,0.5,0.22,7
795,0.45,0.48,0.56,0.56,0.5,0.0,0.47,0.22,7
796,0.56,0.48,0.5,0.17,0.5,0.0,0.51,0.26,0
797,0.77,0.57,0.45,0.17,0.5,0.0,0.53,0.22,0
773,0.56,0.59,0.54,0.18,0.5,0.0,0.48,0.46,7
774,0.33,0.39,0.52,0.09,0.5,0.0,0.47,0.28,7
775,0.48,0.41,0.54,0.39,0.5,0.0,0.51,0.22,7
767,0.3,0.3,0.46,0.32,0.5,0.0,0.45,0.22,7
776,0.38,0.26,0.6,0.1,0.5,0.0,0.48,0.44,7
777,0.68,0.39,0.5,0.15,0.5,0.0,0.48,0.37,7
778,0.62,0.41,0.52,0.17,0.5,0.0,0.48,0.22,7
779,0.52,0.37,0.48,0.13,0.5,0.0,0.55,0.22,7
780,0.32,0.48,0.49,0.17,0.5,0.0,0.47,0.22,7
768,0.34,0.35,0.58,0.2,0.5,0.0,0.46,0.32,7
769,0.33,0.21,0.53,0.15,1.0,0.0,0.52,0.5,7
770,0.49,0.45,0.57,0.24,0.5,0.0,0.47,0.38,7
771,0.4,0.28,0.48,0.06,0.5,0.0,0.49,0.42,7
772,0.51,0.39,0.56,0.25,0.5,0.0,0.51,0.33,7
785,0.45,0.45,0.52,0.17,0.5,0.0,0.54,0.22,0
783,0.28,0.51,0.55,0.19,0.5,0.0,0.57,0.22,0
782,0.51,0.51,0.56,0.28,0.5,0.0,0.54,0.27,0
786,0.48,0.56,0.49,0.32,0.5,0.0,0.5,0.22,0
799,0.59,0.46,0.48,0.46,0.5,0.0,0.49,0.22,0
281,0.51,0.46,0.4,0.65,0.5,0.0,0.49,0.22,6
1110,0.37,0.44,0.51,0.56,0.5,0.0,0.5,0.38,7
812,0.81,0.55,0.35,0.34,0.5,0.0,0.51,0.22,4
813,0.53,0.45,0.53,0.18,0.5,0.0,0.42,0.22,0
814,0.45,0.27,0.5,0.33,0.5,0.0,0.53,0.26,0
815,0.36,0.33,0.38,0.15,0.5,0.0,0.55,0.36,5
817,0.48,0.5,0.56,0.11,0.5,0.0,0.33,0.22,0
789,0.35,0.47,0.53,0.19,0.5,0.0,0.48,0.22,0
793,0.48,0.48,0.56,0.18,0.5,0.0,0.58,0.22,0
820,0.6,0.59,0.47,0.47,0.5,0.0,0.53,0.22,6
821,0.45,0.53,0.51,0.42,0.5,0.0,0.52,0.22,6
822,0.29,0.4,0.41,0.48,0.5,0.0,0.53,0.3,7
823,0.58,0.53,0.33,0.26,0.5,0.0,0.51,0.22,5
824,0.46,0.43,0.5,0.24,0.5,0.0,0.48,0.31,0
825,0.43,0.46,0.5,0.21,0.5,0.0,0.49,0.34,0
526,0.61,0.55,0.51,0.26,0.5,0.0,0.52,0.22,0
1291,0.5,0.62,0.52,0.3,0.5,0.0,0.56,0.22,6
1285,0.49,0.45,0.54,0.4,0.5,0.0,0.55,0.22,6
1286,0.64,0.53,0.59,0.14,0.5,0.0,0.53,0.22,6
1290,0.57,0.6,0.54,0.17,0.5,0.0,0.52,0.22,6
1287,0.38,0.31,0.59,0.19,0.5,0.0,0.46,0.22,6
1288,0.68,0.53,0.44,0.31,0.5,0.0,0.51,0.22,6
866,0.24,0.41,0.47,0.16,0.5,0.0,0.51,0.38,7
853,0.61,0.39,0.53,0.14,0.5,0.0,0.43,0.26,7
854,0.39,0.16,0.59,0.08,0.5,0.0,0.51,0.27,7
855,0.33,0.28,0.5,0.4,0.5,0.0,0.46,0.61,7
856,0.51,0.55,0.56,0.18,0.5,0.0,0.5,0.38,7
867,0.39,0.44,0.54,0.24,0.5,0.0,0.51,0.49,7
857,0.43,0.48,0.53,0.18,0.5,0.0,0.46,0.22,7
859,0.47,0.43,0.48,0.16,0.5,0.0,0.46,0.27,7
868,0.52,0.5,0.51,0.2,0.5,0.0,0.51,0.22,7
869,0.33,0.28,0.52,0.15,0.5,0.0,0.51,0.86,7
870,0.36,0.48,0.5,0.13,0.5,0.0,0.49,0.6,7
860,0.45,0.54,0.49,0.29,0.5,0.0,0.49,0.25,7
861,0.55,0.59,0.53,0.15,0.5,0.0,0.49,0.22,7
862,0.31,0.39,0.55,0.28,0.5,0.0,0.46,0.31,7
863,0.43,0.41,0.51,0.34,0.5,0.0,0.49,0.28,7
864,0.64,0.5,0.53,0.1,0.5,0.0,0.51,0.22,7
865,0.41,0.52,0.56,0.26,0.5,0.0,0.48,0.32,7
1272,0.48,0.47,0.59,0.41,0.5,0.0,0.56,0.27,7
871,0.49,0.49,0.51,0.29,0.5,0.0,0.52,0.71,7
872,0.41,0.52,0.51,0.22,0.5,0.0,0.52,0.44,7
1147,0.51,0.61,0.5,0.23,0.5,0.0,0.52,0.61,7
873,0.59,0.47,0.51,0.53,0.5,0.0,0.53,0.26,0
874,0.4,0.6,0.5,0.16,0.5,0.0,0.51,0.22,0
875,0.54,0.53,0.53,0.17,0.5,0.0,0.51,0.39,7
876,0.61,0.46,0.54,0.11,0.5,0.0,0.47,0.22,0
877,0.66,0.55,0.54,0.18,0.5,0.0,0.43,0.22,0
878,0.53,0.46,0.54,0.37,0.5,0.0,0.51,0.3,7
879,0.41,0.41,0.43,0.61,0.5,0.0,0.53,0.22,6
882,0.58,0.31,0.6,0.12,0.5,0.0,0.47,0.33,7
828,0.49,0.67,0.5,0.28,0.5,0.0,0.43,0.22,7
829,0.44,0.33,0.55,0.16,0.5,0.0,0.49,0.22,7
830,0.44,0.45,0.53,0.19,0.5,0.0,0.41,0.28,7
883,0.57,0.55,0.52,0.16,0.5,0.0,0.49,0.39,7
884,0.45,0.66,0.39,0.11,0.5,0.0,0.54,0.22,5
280,0.32,0.49,0.53,0.28,0.5,0.0,0.5,0.5,7
886,0.35,0.42,0.56,0.28,0.5,0.0,0.47,0.22,7
887,0.46,0.41,0.58,0.1,0.5,0.0,0.48,0.22,7
888,0.57,0.51,0.58,0.22,0.5,0.0,0.51,0.22,7
890,0.47,0.47,0.54,0.19,0.5,0.0,0.51,0.33,7
891,0.34,0.58,0.5,0.26,0.5,0.0,0.51,0.22,7
892,0.55,0.45,0.58,0.25,0.5,0.0,0.49,0.22,7
893,0.4,0.66,0.34,0.21,0.5,0.0,0.52,0.26,7
894,0.42,0.21,0.59,0.3,0.5,0.0,0.47,0.27,7
895,0.6,0.48,0.46,0.32,0.5,0.0,0.4,0.33,0
896,0.64,0.44,0.51,0.35,0.5,0.0,0.53,0.22,0
897,0.35,0.4,0.44,0.25,0.5,0.0,0.53,0.57,7
898,0.55,0.38,0.64,0.42,0.5,0.0,0.47,0.22,6
899,0.45,0.43,0.5,0.25,0.5,0.0,0.47,0.22,6
1289,0.47,0.53,0.48,0.51,0.5,0.0,0.54,0.22,6
956,0.45,0.49,0.57,0.25,0.5,0.0,0.48,0.22,7
961,0.45,0.52,0.5,0.12,0.5,0.0,0.6,0.22,0
958,0.56,0.51,0.32,0.49,0.5,0.0,0.48,0.22,7
959,0.37,0.58,0.5,0.22,0.5,0.0,0.47,0.22,7
960,0.47,0.45,0.51,0.33,0.5,0.0,0.46,0.26,7
963,0.5,0.36,0.64,0.37,0.5,0.0,0.37,0.33,7
964,0.43,0.44,0.64,0.19,0.5,0.0,0.38,0.33,7
1003,0.38,0.4,0.59,0.25,0.5,0.0,0.44,0.22,0
1004,0.39,0.39,0.59,0.25,0.5,0.0,0.45,0.22,0
831,0.54,0.55,0.56,0.14,0.5,0.0,0.5,0.25,0
906,0.45,0.5,0.57,0.29,0.5,0.0,0.44,0.11,0
906,0.45,0.5,0.57,0.29,0.5,0.0,0.44,0.11,0
998,0.61,0.38,0.57,0.36,0.5,0.0,0.44,0.21,0
998,0.61,0.38,0.57,0.36,0.5,0.0,0.44,0.21,0
840,0.43,0.33,0.54,0.37,0.5,0.0,0.38,0.16,0
841,0.43,0.33,0.54,0.37,0.5,0.0,0.38,0.16,0
852,0.51,0.39,0.58,0.19,0.5,0.0,0.47,0.22,0
968,0.72,0.51,0.52,0.08,0.5,0.0,0.54,0.22,7
966,0.35,0.41,0.53,0.27,0.5,0.0,0.47,0.29,7
965,0.56,0.49,0.54,0.15,0.5,0.0,0.5,0.35,7
967,0.57,0.37,0.43,0.27,0.5,0.0,0.53,0.28,7
978,0.57,0.49,0.61,0.26,0.5,0.0,0.52,0.22,7
979,0.48,0.45,0.63,0.19,0.5,0.0,0.58,0.22,7
970,0.34,0.48,0.47,0.19,0.5,0.0,0.5,0.3,7
971,0.54,0.57,0.55,0.18,0.5,0.0,0.5,0.22,7
972,0.38,0.44,0.55,0.44,0.5,0.0,0.47,0.51,7
973,0.4,0.3,0.57,0.13,0.5,0.0,0.46,0.22,7
974,0.27,0.31,0.55,0.13,0.5,0.0,0.5,0.22,7
975,0.52,0.46,0.56,0.25,0.5,0.0,0.52,0.22,7
976,0.44,0.5,0.55,0.24,0.5,0.0,0.48,0.22,7
977,0.34,0.47,0.48,0.32,0.5,0.0,0.42,0.22,7
988,0.5,0.56,0.63,0.25,0.5,0.0,0.42,0.22,7
981,0.46,0.53,0.47,0.37,0.5,0.0,0.51,0.36,7
987,0.31,0.6,0.65,0.18,0.5,0.0,0.46,0.22,7
986,0.57,0.42,0.63,0.22,0.5,0.0,0.68,0.32,7
985,0.37,0.45,0.53,0.14,0.5,0.0,0.49,0.22,7
984,0.38,0.38,0.54,0.24,0.5,0.0,0.54,0.22,7
983,0.36,0.49,0.55,0.21,0.5,0.0,0.55,0.33,7
982,0.29,0.4,0.5,0.16,0.5,0.0,0.51,0.34,7
989,0.37,0.3,0.51,0.15,0.5,0.0,0.58,0.26,7
909,0.35,0.33,0.48,0.42,0.5,0.0,0.47,0.43,0
903,0.46,0.35,0.69,0.18,0.5,0.0,0.3,0.25,0
903,0.46,0.35,0.69,0.18,0.5,0.0,0.3,0.25,0
834,0.57,0.43,0.52,0.3,0.5,0.0,0.37,0.11,0
835,0.57,0.43,0.52,0.3,0.5,0.0,0.37,0.11,0
901,0.59,0.51,0.48,0.12,0.5,0.0,0.54,0.31,0
901,0.59,0.51,0.48,0.12,0.5,0.0,0.54,0.31,0
904,0.61,0.53,0.59,0.17,0.5,0.0,0.44,0.28,0
908,0.61,0.48,0.56,0.19,0.5,0.0,0.53,0.31,0
908,0.61,0.48,0.56,0.19,0.5,0.0,0.53,0.31,0
838,0.44,0.56,0.52,0.18,0.5,0.0,0.5,0.11,0
839,0.36,0.56,0.52,0.18,0.5,0.0,0.45,0.16,0
905,0.37,0.44,0.64,0.48,0.5,0.0,0.36,0.27,0
907,0.72,0.37,0.63,0.38,0.5,0.0,0.4,0.14,0
907,0.72,0.37,0.63,0.38,0.5,0.0,0.4,0.14,0
911,0.44,0.36,0.64,0.45,0.5,0.0,0.53,0.11,0
912,0.58,0.45,0.55,0.27,0.5,0.0,0.48,0.11,0
914,0.63,0.64,0.45,0.26,0.5,0.0,0.43,0.22,0
914,0.63,0.64,0.45,0.26,0.5,0.0,0.43,0.22,0
917,0.43,0.33,0.67,0.12,0.5,0.0,0.45,0.23,0
918,0.43,0.33,0.67,0.12,0.5,0.0,0.43,0.23,0
919,0.58,0.44,0.5,0.26,0.5,0.0,0.52,0.22,0
915,0.38,0.43,0.53,0.22,0.5,0.0,0.48,0.11,0
850,0.4,0.45,0.61,0.29,0.5,0.0,0.44,0.22,0
851,0.4,0.45,0.61,0.29,0.5,0.0,0.44,0.22,0
923,0.34,0.34,0.65,0.4,0.5,0.0,0.32,0.16,0
923,0.34,0.34,0.65,0.4,0.5,0.0,0.32,0.16,0
924,0.43,0.22,0.79,0.79,0.5,0.0,0.22,0.0,0
922,0.35,0.21,1.0,0.8,0.5,0.0,0.13,0.01,0
922,0.35,0.21,1.0,0.8,0.5,0.0,0.13,0.01,0
925,0.56,0.35,0.47,0.41,0.5,0.0,0.5,0.22,0
926,0.56,0.35,0.47,0.35,0.5,0.0,0.52,0.22,0
927,0.54,0.44,0.55,0.48,0.5,0.0,0.47,0.22,0
928,0.35,0.39,0.56,0.2,0.5,0.0,0.49,0.41,0
929,0.48,0.46,0.58,0.16,0.5,0.0,0.45,0.22,0
930,0.48,0.55,0.48,0.1,0.5,0.0,0.55,0.22,0
931,0.66,0.6,0.52,0.19,0.5,0.0,0.69,0.22,0
932,0.69,0.54,0.55,0.23,0.5,0.0,0.73,0.22,0
933,0.73,0.6,0.47,0.2,0.5,0.0,0.72,0.22,0
934,0.78,0.82,0.56,0.21,0.5,0.0,0.69,0.22,0
990,0.42,0.49,0.49,0.36,0.5,0.0,0.57,0.26,6
969,0.44,0.62,0.53,0.27,0.5,0.0,0.49,0.22,7
980,0.56,0.61,0.52,0.19,0.5,0.0,0.52,0.32,7
991,0.47,0.56,0.46,0.5,0.5,0.0,0.51,0.22,6
1009,0.46,0.33,0.45,0.22,0.5,0.0,0.41,0.37,0
842,0.52,0.43,0.61,0.22,0.5,0.0,0.45,0.22,0
843,0.52,0.43,0.61,0.22,0.5,0.0,0.45,0.22,0
1006,0.32,0.44,0.54,0.21,0.5,0.0,0.4,0.19,0
1006,0.32,0.44,0.54,0.21,0.5,0.0,0.4,0.19,0
995,0.48,0.41,0.52,0.33,0.5,0.0,0.51,0.26,0
997,0.46,0.39,0.54,0.22,0.5,0.0,0.48,0.25,0
997,0.46,0.39,0.54,0.22,0.5,0.0,0.48,0.25,0
996,0.42,0.5,0.64,0.13,0.5,0.0,0.49,0.22,0
844,0.46,0.54,0.59,0.41,0.5,0.0,0.53,0.21,0
845,0.46,0.54,0.59,0.41,0.5,0.0,0.53,0.21,0
846,0.39,0.65,0.57,0.19,0.5,0.0,0.44,0.25,0
847,0.39,0.65,0.57,0.19,0.5,0.0,0.43,0.25,0
999,0.38,0.5,0.52,0.44,0.5,0.0,0.54,0.11,0
999,0.38,0.5,0.52,0.44,0.5,0.0,0.54,0.11,0
1005,0.51,0.52,0.58,0.17,0.5,0.0,0.47,0.28,0
1000,0.57,0.48,0.54,0.22,0.5,0.0,0.5,0.11,0
1001,0.5,0.5,0.62,0.23,0.5,0.0,0.35,0.11,0
1002,0.41,0.49,0.65,0.28,0.5,0.0,0.59,0.57,0
1007,0.53,0.57,0.6,0.36,0.5,0.0,0.5,0.22,0
1007,0.53,0.57,0.6,0.36,0.5,0.0,0.5,0.22,0
1010,0.37,0.3,0.62,0.43,0.5,0.0,0.44,0.39,0
1010,0.37,0.3,0.62,0.43,0.5,0.0,0.44,0.39,0
992,0.6,0.57,0.52,0.14,0.5,0.0,0.46,0.48,7
993,0.42,0.38,0.52,0.29,0.5,0.0,0.42,0.22,7
1022,0.41,0.46,0.58,0.08,0.5,0.0,0.51,0.28,7
836,0.49,0.4,0.58,0.23,0.5,0.0,0.47,0.27,0
837,0.37,0.37,0.51,0.38,0.5,0.0,0.44,0.22,0
1011,0.57,0.5,0.4,0.08,0.5,0.0,0.47,0.22,5
335,0.51,0.4,0.5,0.28,0.5,0.0,0.48,0.27,0
1030,0.34,0.25,0.55,0.28,0.5,0.0,0.51,0.49,0
1031,0.77,0.86,0.44,0.27,0.5,0.0,0.48,0.22,3
1032,0.59,0.54,0.53,0.14,0.5,0.0,0.48,0.22,0
1044,0.5,0.48,0.48,0.23,0.5,0.0,0.53,0.68,0
1051,0.39,1.0,0.38,0.41,0.5,0.0,0.5,0.27,6
792,0.56,0.42,0.52,0.14,0.5,0.0,0.51,0.22,0
1207,0.39,0.46,0.33,0.18,0.5,0.0,0.53,0.22,5
1052,0.52,0.54,0.47,0.49,0.5,0.0,0.54,0.22,6
1027,0.46,0.49,0.55,0.18,0.5,0.0,0.56,0.22,7
264,0.56,0.65,0.49,0.56,0.5,0.0,0.49,0.22,6
265,0.53,0.51,0.55,0.57,0.5,0.0,0.46,0.22,6
1053,0.54,0.64,0.4,0.56,0.5,0.0,0.51,0.22,6
1054,0.47,0.58,0.47,0.52,0.5,0.0,0.54,0.22,6
1055,0.46,0.42,0.51,0.16,0.5,0.0,0.56,0.22,0
1056,0.6,0.51,0.49,0.18,0.5,0.0,0.53,0.38,0
1033,0.85,0.66,0.49,0.18,0.5,0.0,0.51,0.22,3
1034,0.55,0.52,0.44,0.2,0.5,0.0,0.56,0.22,4
1035,0.49,0.38,0.56,0.09,0.5,0.0,0.46,0.22,0
1036,0.38,0.4,0.53,0.12,0.5,0.0,0.55,0.22,0
1037,0.55,0.55,0.52,0.13,0.5,0.0,0.53,0.25,0
1038,0.46,0.44,0.58,0.17,0.5,0.0,0.55,0.22,0
1039,0.34,0.46,0.52,0.19,0.5,0.0,0.53,0.26,0
1057,0.58,0.56,0.46,0.14,0.5,0.0,0.51,0.22,0
1040,0.46,0.47,0.44,0.18,1.0,0.0,0.46,0.22,4
1041,0.44,0.71,0.5,0.21,0.5,0.0,0.54,0.27,0
1042,0.56,0.49,0.32,0.22,0.5,0.0,0.5,0.22,4
1043,0.41,0.49,0.47,0.09,0.5,0.0,0.49,0.22,0
1058,0.44,0.51,0.53,0.3,0.5,0.0,0.53,0.22,0
746,0.54,0.51,0.56,0.15,0.5,0.0,0.54,0.31,0
1045,0.51,0.51,0.32,0.27,0.5,0.0,0.54,0.22,5
1059,0.46,0.38,0.51,0.2,0.5,0.0,0.51,0.22,0
1028,0.55,0.72,0.35,0.26,0.5,0.0,0.49,0.22,5
1046,0.54,0.44,0.35,0.19,0.5,0.0,0.51,0.27,5
677,0.65,0.66,0.37,0.12,0.5,0.0,0.52,0.27,5
1047,0.41,0.4,0.56,0.17,0.5,0.0,0.56,0.22,0
1048,0.39,0.71,0.38,0.14,0.5,0.0,0.5,0.22,4
1060,0.37,0.42,0.46,0.15,0.5,0.0,0.51,0.31,4
1049,0.59,0.55,0.57,0.18,0.5,0.0,0.51,0.22,0
1061,0.48,0.51,0.5,0.24,0.5,0.0,0.54,0.38,0
1062,0.39,0.3,0.63,0.2,0.5,0.0,0.43,0.47,0
1251,0.47,0.52,0.54,0.25,0.5,0.0,0.54,0.29,6
1063,0.77,0.82,0.4,0.36,0.5,0.0,0.38,0.22,3
1064,0.52,0.55,0.39,0.09,1.0,0.0,0.55,0.25,5
1065,0.42,0.28,0.33,0.23,0.5,0.0,0.39,0.26,5
1066,0.47,0.37,0.46,0.28,0.5,0.0,0.52,0.99,7
1067,0.48,0.5,0.47,0.29,0.5,0.0,0.46,0.27,7
1200,0.3,0.33,0.55,0.12,0.5,0.0,0.53,0.38,0
1068,0.49,0.49,0.52,0.18,0.5,0.0,0.51,0.25,7
1069,0.54,0.59,0.57,0.34,0.5,0.0,0.49,0.22,7
47,0.7,0.78,0.53,0.24,0.5,0.0,0.48,0.22,9
1070,0.85,0.69,0.34,0.31,0.5,0.0,0.57,0.3,3
1071,0.56,0.59,0.45,0.15,0.5,0.0,0.54,0.22,6
392,0.47,0.56,0.53,0.44,0.5,0.0,0.53,0.22,6
391,0.53,0.49,0.47,0.21,0.5,0.0,0.53,0.22,0
1072,0.7,0.57,0.34,0.19,0.5,0.0,0.53,0.27,4
1073,0.42,0.43,0.67,0.7,0.5,0.0,0.42,0.25,0
676,0.47,0.44,0.53,0.18,0.5,0.0,0.47,0.29,7
1074,0.4,0.49,0.53,0.23,0.5,0.0,0.44,0.26,7
1075,0.45,0.65,0.51,0.17,0.5,0.0,0.49,0.22,7
1076,0.42,0.42,0.55,0.31,0.5,0.0,0.43,0.22,7
1077,0.45,0.41,0.53,0.49,0.5,0.0,0.49,0.31,7
1078,0.42,0.28,0.49,0.22,0.5,0.0,0.55,0.34,7
1079,0.47,0.5,0.47,0.22,0.5,0.0,0.53,0.45,7
1080,0.33,0.42,0.55,0.23,0.5,0.0,0.52,0.43,7
1081,0.56,0.55,0.57,0.15,0.5,0.0,0.54,0.25,0
1082,0.37,0.47,0.49,0.12,0.5,0.0,0.47,0.31,7
1083,0.32,0.6,0.48,0.13,0.5,0.0,0.53,0.22,7
1084,0.38,0.42,0.31,0.35,0.5,0.0,0.52,0.22,5
1085,0.46,0.56,0.56,0.25,0.5,0.0,0.43,0.22,7
1086,0.47,0.55,0.57,0.17,0.5,0.0,0.52,0.66,7
1087,0.37,0.55,0.52,0.13,0.5,0.0,0.42,0.8,0
1088,0.46,0.48,0.38,0.22,0.5,0.0,0.39,0.45,5
744,0.8,0.69,0.53,0.33,0.5,0.0,0.51,0.22,4
1089,0.52,0.65,0.36,0.37,0.5,0.0,0.52,0.34,5
1091,0.19,0.16,0.68,0.36,0.5,0.0,0.49,0.21,7
1092,0.64,0.31,0.53,0.15,0.5,0.0,0.53,0.31,0
1093,0.4,0.43,0.36,0.33,0.5,0.0,0.51,0.22,5
1094,0.47,0.56,0.51,0.2,0.5,0.0,0.52,0.59,7
1095,0.4,0.75,0.44,0.12,0.5,0.0,0.49,0.22,7
1096,0.48,0.55,0.58,0.18,0.5,0.0,0.38,0.69,7
1097,0.57,0.51,0.34,0.13,0.5,0.0,0.53,0.27,6
1098,0.23,0.37,0.32,0.13,0.5,0.0,0.53,0.22,6
1100,0.54,0.5,0.51,0.26,0.5,0.0,0.52,0.22,0
1101,0.6,0.64,0.56,0.36,0.5,0.0,0.46,0.27,0
1102,0.27,0.41,0.24,0.2,0.5,0.0,0.49,0.22,5
1103,0.25,0.35,0.22,0.18,0.5,0.0,0.46,0.22,5
1104,0.39,0.45,0.51,0.29,0.5,0.0,0.54,0.22,0
1105,0.33,0.47,0.55,0.24,0.5,0.0,0.45,0.67,7
1106,0.37,0.4,0.38,0.18,0.5,0.0,0.51,0.22,5
1107,0.43,0.47,0.47,0.18,0.5,0.0,0.47,0.22,0
1108,0.66,0.43,0.57,0.6,0.5,0.0,0.19,0.33,7
1109,0.55,0.4,0.62,0.22,0.5,0.0,0.37,0.28,7
1024,0.33,0.46,0.6,0.18,0.5,0.0,0.51,0.26,7
1111,0.51,0.5,0.54,0.11,0.5,0.0,0.6,0.22,7
1347,0.54,0.6,0.57,0.17,0.5,0.0,0.44,0.22,7
1112,0.45,0.57,0.38,0.28,0.5,0.0,0.53,0.31,5
1113,0.55,0.57,0.51,0.07,0.5,0.0,0.55,0.22,0
1114,0.54,0.47,0.58,0.4,0.5,0.0,0.46,0.27,6
1115,0.36,0.32,0.55,0.27,0.5,0.0,0.47,0.43,7
1116,0.46,0.41,0.45,0.23,0.5,0.0,0.48,0.22,7
1117,0.4,0.39,0.6,0.23,0.5,0.0,0.52,0.31,7
916,0.52,0.47,0.58,0.18,0.5,0.0,0.34,0.11,0
916,0.52,0.47,0.58,0.18,0.5,0.0,0.34,0.11,0
1123,0.5,0.45,0.51,0.19,0.5,0.0,0.53,0.25,0
1124,0.57,0.55,0.51,0.18,0.5,0.0,0.51,0.43,7
1125,0.44,0.43,0.46,0.28,0.5,0.0,0.45,0.29,7
1119,0.46,0.5,0.5,0.28,0.5,0.0,0.5,0.37,7
1126,0.66,0.65,0.54,0.4,0.5,0.0,0.51,0.22,2
1148,0.77,0.73,0.49,0.46,0.5,0.0,0.38,0.22,2
1179,0.38,0.58,0.46,0.21,0.5,0.0,0.52,0.22,7
1180,0.32,0.68,0.51,0.16,0.5,0.83,0.55,0.22,8
1118,0.27,0.46,0.52,0.17,0.5,0.0,0.49,0.44,7
1120,0.52,0.45,0.45,0.13,0.5,0.0,0.48,0.22,7
1221,0.37,0.29,0.45,0.15,0.5,0.0,0.49,0.22,7
1127,0.37,0.48,0.67,0.37,0.5,0.0,0.56,0.62,7
1121,0.44,0.59,0.54,0.18,0.5,0.0,0.49,0.22,7
1122,0.48,0.65,0.36,0.24,0.5,0.0,0.54,0.31,7
1128,0.59,0.49,0.45,0.22,0.5,0.0,0.45,0.31,7
1129,0.73,0.52,0.59,0.25,0.5,0.0,0.51,0.22,7
1130,0.5,0.43,0.5,0.17,0.5,0.0,0.46,0.47,7
1131,0.23,0.13,0.51,0.16,0.5,0.0,0.53,0.51,7
1132,0.49,0.6,0.54,0.35,0.5,0.0,0.53,0.46,7
1133,0.52,0.31,0.56,0.16,0.5,0.0,0.55,0.22,7
1138,0.49,0.48,0.51,0.21,0.5,0.0,0.53,0.22,7
1139,0.49,0.6,0.42,0.18,0.5,0.0,0.58,0.28,7
1140,0.6,0.62,0.54,0.11,0.5,0.0,0.51,0.22,7
1141,0.55,0.47,0.53,0.2,0.5,0.0,0.4,0.22,7
1050,0.47,0.32,0.51,0.24,0.5,0.0,0.54,0.27,7
1142,0.53,0.25,0.59,0.27,0.5,0.0,0.45,0.26,7
880,0.31,0.5,0.54,0.32,0.5,0.0,0.53,0.31,7
1145,0.25,0.33,0.48,0.18,0.5,0.0,0.42,0.33,7
1146,0.55,0.46,0.47,0.15,0.5,0.0,0.47,0.22,5
1134,0.61,0.5,0.61,0.21,0.5,0.0,0.55,0.54,0
1135,0.5,0.52,0.51,0.22,0.5,0.0,0.46,0.37,0
1136,0.62,0.33,0.49,0.24,0.5,0.0,0.51,0.42,0
1137,0.56,0.52,0.46,0.17,0.5,0.0,0.49,0.73,0
129,0.52,0.56,0.55,0.16,0.5,0.0,0.53,0.39,0
436,0.53,0.48,0.51,0.18,0.5,0.0,0.52,0.27,0
437,0.51,0.48,0.51,0.19,0.5,0.0,0.51,0.27,0
438,0.51,0.48,0.51,0.26,0.5,0.0,0.51,0.27,0
439,0.53,0.48,0.51,0.18,0.5,0.0,0.51,0.27,0
440,0.6,0.46,0.51,0.1,0.5,0.0,0.48,0.31,0
441,0.6,0.46,0.51,0.1,0.5,0.0,0.48,0.31,0
1149,0.44,0.39,0.63,0.11,0.5,0.0,0.49,0.26,7
442,0.51,0.5,0.49,0.45,0.5,0.0,0.48,0.22,6
1150,0.45,0.45,0.51,0.3,0.5,0.0,0.48,0.44,0
858,0.38,0.42,0.47,0.12,0.5,0.0,0.47,0.53,7
1151,0.19,0.66,0.6,0.14,0.5,0.0,0.2,0.25,7
1152,0.41,0.42,0.23,0.16,0.5,0.0,0.4,0.22,5
1153,0.25,0.42,0.21,0.14,0.5,0.0,0.41,0.22,5
1026,0.7,0.58,0.53,0.39,0.5,0.0,0.59,0.22,2
1029,0.49,0.31,0.43,0.24,0.5,0.0,0.54,0.22,5
1154,0.46,0.41,0.43,0.18,0.5,0.0,0.54,0.22,5
48,0.83,0.81,0.45,0.38,0.5,0.0,0.4,0.26,2
1155,0.38,0.51,0.56,0.21,0.5,0.0,0.48,0.31,7
246,0.32,0.36,0.28,0.38,0.5,0.0,0.5,0.4,5
1156,0.4,0.65,0.38,0.17,0.5,0.0,0.57,0.22,5
370,0.36,0.37,0.63,0.25,0.5,0.0,0.3,0.22,0
1158,0.49,0.55,0.41,0.19,0.5,0.0,0.48,0.31,5
1157,0.3,0.45,0.55,0.19,0.5,0.0,0.53,0.4,0
1159,0.88,0.72,0.32,0.3,0.5,0.0,0.52,0.33,3
369,0.44,0.4,0.53,0.19,0.5,0.0,0.48,0.27,0
1160,0.45,0.57,0.52,0.21,0.5,0.0,0.54,0.38,7
1161,0.46,0.61,0.38,0.35,0.5,0.0,0.49,0.22,5
1162,0.55,0.41,0.67,0.61,0.5,0.0,0.49,0.14,6
1163,0.28,0.18,0.72,0.26,0.5,0.0,0.49,0.25,6
1164,0.66,0.65,0.53,0.17,0.5,0.0,0.47,0.66,7
1165,0.36,0.5,0.39,0.23,0.5,0.0,0.5,0.22,5
1166,0.48,0.54,0.56,0.29,0.5,0.0,0.51,0.43,7
1167,0.33,0.37,0.49,0.22,0.5,0.0,0.55,0.22,0
1168,0.58,0.43,0.32,0.11,0.5,0.0,0.49,0.22,9
1220,0.58,0.64,0.42,0.3,0.5,0.0,0.54,0.22,7
483,0.74,0.82,0.46,0.24,0.5,0.0,0.5,0.31,2
484,0.74,0.82,0.46,0.24,0.5,0.0,0.48,0.22,2
485,0.75,0.76,0.58,0.22,0.5,0.0,0.49,0.22,2
1169,0.58,0.37,0.58,0.16,0.5,0.0,0.51,0.22,7
1170,0.39,0.39,0.65,0.16,0.5,0.0,0.45,0.22,0
464,0.51,0.59,0.55,0.21,0.5,0.0,0.52,0.22,0
465,0.41,0.35,0.6,0.22,0.5,0.0,0.56,0.79,0
1171,0.43,0.28,0.41,0.32,0.5,0.0,0.52,0.22,5
1172,0.41,0.49,0.55,0.13,0.5,0.0,0.55,0.22,0
1173,0.23,0.29,0.46,0.0,0.5,0.0,0.43,0.31,0
1008,0.25,0.48,0.45,0.32,0.5,0.0,0.4,0.22,0
994,0.38,0.34,0.55,0.44,0.5,0.0,0.48,0.26,0
1174,0.61,0.54,0.54,0.38,0.5,0.0,0.54,0.29,6
31,0.48,0.17,0.37,0.33,0.5,0.0,0.44,0.36,7
1175,0.47,0.47,0.5,0.19,0.5,0.0,0.51,0.26,7
1176,0.55,0.38,0.52,0.16,0.5,0.0,0.49,0.64,7
1177,0.41,0.39,0.61,0.17,0.5,0.0,0.5,0.61,7
1178,0.41,0.56,0.53,0.16,0.5,0.0,0.55,0.26,7
700,0.78,0.73,0.27,0.28,0.5,0.0,0.56,0.22,3
1187,0.31,0.51,0.38,0.18,0.5,0.0,0.46,0.31,5
1206,0.63,0.64,0.49,0.2,0.5,0.0,0.52,0.25,0
1302,0.31,0.4,0.31,0.17,0.5,0.0,0.52,0.22,5
1211,0.44,0.65,0.49,0.16,0.5,0.0,0.48,0.31,7
921,0.48,0.44,0.46,0.37,0.5,0.0,0.46,0.36,0
1212,0.5,0.49,0.46,0.22,0.5,0.0,0.53,0.25,0
1215,0.62,0.42,0.47,0.16,0.5,0.0,0.52,0.22,0
1213,0.5,0.45,0.52,0.18,0.5,0.0,0.52,0.22,0
1216,0.59,0.51,0.47,0.21,0.5,0.0,0.47,0.22,0
1214,0.39,0.47,0.49,0.2,0.5,0.0,0.53,0.26,0
1217,0.49,0.48,0.52,0.24,0.5,0.0,0.5,0.22,0
352,0.59,0.48,0.49,0.42,0.5,0.0,0.52,0.22,0
353,0.57,0.35,0.5,0.43,0.5,0.0,0.53,0.22,0
354,0.61,0.52,0.5,0.44,0.5,0.0,0.53,0.22,0
1223,0.49,0.51,0.52,0.13,0.5,0.0,0.51,0.33,7
1219,0.45,0.4,0.56,0.15,0.5,0.0,0.52,0.22,7
293,0.63,0.43,0.48,0.11,0.5,0.0,0.51,0.22,0
293,0.63,0.43,0.48,0.11,0.5,0.0,0.51,0.22,0
295,0.52,0.45,0.53,0.34,0.5,0.0,0.52,0.44,0
296,0.54,0.48,0.55,0.33,0.5,0.0,0.55,0.4,0
1205,0.55,0.79,0.45,0.25,0.5,0.0,0.51,0.22,7
1424,0.58,0.51,0.63,0.2,0.5,0.0,0.5,0.42,7
1224,0.63,0.58,0.57,0.1,0.5,0.0,0.52,0.33,7
1225,0.54,0.67,0.56,0.15,0.5,0.0,0.57,0.33,7
1222,0.41,0.59,0.65,0.14,0.5,0.0,0.49,0.33,7
1226,0.47,0.38,0.5,0.15,0.5,0.0,0.49,0.47,7
1227,0.33,0.17,0.52,0.13,0.5,0.0,0.51,0.75,7
266,0.42,0.5,0.59,0.17,0.5,0.0,0.51,0.22,0
1232,0.54,0.55,0.55,0.4,0.5,0.0,0.53,0.22,0
1201,0.31,0.31,0.57,0.15,0.5,0.0,0.5,0.22,0
470,0.38,0.42,0.5,0.19,0.5,0.0,0.44,0.22,0
463,0.33,0.36,0.62,0.26,0.5,0.0,0.55,0.22,0
470,0.38,0.42,0.5,0.19,0.5,0.0,0.44,0.22,0
1233,0.47,0.56,0.58,0.19,0.5,0.0,0.44,0.64,0
468,0.32,0.32,0.52,0.18,0.5,0.0,0.48,0.34,0
469,0.28,0.27,0.5,0.14,0.5,0.0,0.5,0.28,0
474,0.41,0.46,0.57,0.25,0.5,0.0,0.57,0.38,0
473,0.44,0.54,0.51,0.16,0.5,0.0,0.58,0.22,0
472,0.44,0.55,0.51,0.16,0.5,0.0,0.6,0.22,0
1234,0.77,0.7,0.44,0.29,0.5,0.0,0.56,0.22,3
1244,0.4,0.56,0.53,0.15,0.5,0.0,0.49,0.22,0
1143,0.79,0.79,0.42,0.26,0.5,0.0,0.6,0.22,3
1144,0.8,0.83,0.43,0.24,0.5,0.0,0.54,0.22,3
1235,0.58,0.55,0.51,0.13,0.5,0.0,0.52,0.22,0
1236,0.55,0.69,0.51,0.12,0.5,0.0,0.51,0.22,0
1269,0.47,0.46,0.53,0.12,0.5,0.0,0.51,0.25,7
1238,0.57,0.29,0.63,0.22,0.5,0.0,0.49,0.27,7
1239,0.52,0.49,0.59,0.21,0.5,0.0,0.47,0.22,7
1240,0.41,0.42,0.53,0.17,0.5,0.0,0.48,0.58,7
1241,0.45,0.36,0.5,0.19,0.5,0.0,0.53,0.7,7
1242,0.53,0.51,0.54,0.21,0.5,0.0,0.45,0.22,7
1243,0.49,0.5,0.42,0.43,0.5,0.0,0.5,0.36,9
1245,0.44,0.49,0.49,0.27,0.5,0.0,0.52,0.22,0
503,0.25,0.26,0.53,0.17,0.5,0.0,0.45,0.22,0
504,0.49,0.46,0.54,0.18,0.5,0.0,0.35,0.22,0
505,0.42,0.37,0.54,0.17,0.5,0.0,0.51,0.22,0
1246,0.42,0.45,0.75,0.21,0.5,0.0,0.48,0.22,0
1247,0.39,0.45,0.75,0.17,0.5,0.0,0.51,0.22,0
1248,0.63,0.54,0.53,0.27,0.5,0.0,0.49,0.22,0
1249,0.54,0.43,0.48,0.27,0.5,0.0,0.44,0.41,0
1250,0.4,0.44,0.5,0.13,0.5,0.0,0.52,0.39,0
1253,0.55,0.39,0.39,0.47,0.5,0.0,0.5,0.83,5
1254,0.59,0.48,0.41,0.53,0.5,0.0,0.48,0.56,5
1256,0.49,0.38,0.49,0.15,0.5,0.0,0.53,0.25,7
1255,0.53,0.45,0.52,0.29,0.5,0.0,0.55,0.38,6
1259,0.62,0.6,0.54,0.22,0.5,0.0,0.54,0.27,0
1258,0.33,0.46,0.53,0.12,0.5,0.0,0.5,0.27,0
1260,0.57,0.36,0.51,0.25,0.5,0.0,0.54,0.25,0
1257,0.45,0.76,0.51,0.25,0.5,0.0,0.59,0.22,0
1261,0.48,0.44,0.51,0.24,0.5,0.0,0.49,0.22,0
1262,0.59,0.64,0.44,0.26,0.5,0.0,0.5,0.22,0
1263,0.79,0.56,0.53,0.19,0.5,0.0,0.47,0.35,0
1264,0.5,0.5,0.48,0.34,0.5,0.0,0.52,0.27,7
1265,0.79,0.62,0.35,0.35,0.5,0.0,0.6,0.28,4
389,0.52,0.5,0.6,0.2,0.5,0.0,0.52,0.22,0
1208,0.59,0.46,0.57,0.17,0.5,0.0,0.52,0.22,0
1210,0.53,0.42,0.53,0.19,0.5,0.0,0.47,0.22,0
1209,0.59,0.46,0.55,0.17,0.5,0.0,0.52,0.25,0
301,0.61,0.73,0.5,0.58,0.5,0.0,0.5,0.22,6
1266,0.5,0.43,0.56,0.17,0.5,0.0,0.35,0.22,7
1267,0.36,0.52,0.61,0.33,0.5,0.0,0.52,0.37,7
1268,0.66,0.54,0.53,0.17,0.5,0.0,0.54,0.22,0
1270,0.52,0.51,0.48,0.12,0.5,0.0,0.54,0.31,0
1271,0.56,0.46,0.51,0.25,0.5,0.0,0.54,0.22,0
1274,0.47,0.46,0.49,0.27,0.5,0.0,0.59,0.22,0
1275,0.5,0.46,0.49,0.27,0.5,0.0,0.6,0.22,0
1276,0.43,0.48,0.36,0.26,0.5,0.0,0.52,0.22,5
1277,0.5,0.44,0.57,0.28,0.5,0.0,0.57,0.22,0
1279,0.46,0.47,0.62,0.3,0.5,0.0,0.38,0.22,0
1280,0.59,0.7,0.46,0.19,0.5,0.0,0.54,0.44,0
1281,0.19,0.41,0.55,0.13,0.5,0.0,0.52,0.25,0
1282,0.27,0.43,0.5,0.13,0.5,0.0,0.54,0.31,0
1283,0.42,0.46,0.44,0.17,0.5,0.0,0.51,0.42,0
1292,0.49,0.36,0.47,0.28,0.5,0.0,0.56,0.54,7
1293,0.42,0.51,0.33,0.16,0.5,0.0,0.54,0.22,5
1296,0.34,0.42,0.48,0.19,0.5,0.0,0.46,0.31,7
1297,0.6,0.57,0.63,0.22,0.5,0.0,0.5,0.49,7
1299,0.53,0.44,0.54,0.52,0.5,0.0,0.49,0.38,7
827,0.48,0.39,0.56,0.23,0.5,0.0,0.6,0.22,0
826,0.56,0.49,0.47,0.13,0.5,0.0,0.52,0.22,7
1298,0.47,0.59,0.56,0.09,0.5,0.0,0.5,0.22,0
910,0.4,0.28,0.58,0.44,0.5,0.0,0.41,0.22,0
1012,0.54,0.35,0.55,0.19,0.5,0.0,0.3,0.22,0
1300,0.5,0.47,0.45,0.14,0.5,0.0,0.53,0.32,5
1378,0.55,0.49,0.6,0.18,0.5,0.0,0.51,0.22,7
1301,0.55,0.44,0.5,0.09,0.5,0.0,0.55,0.22,9
955,0.66,0.37,0.6,0.25,0.5,0.0,0.69,0.22,6
1203,0.51,0.49,0.48,0.55,0.5,0.0,0.52,0.58,0
1303,0.36,0.51,0.51,0.17,0.5,0.0,0.52,0.22,9
1311,0.68,0.68,0.35,0.16,0.5,0.0,0.62,0.22,9
1304,0.44,0.35,0.55,0.14,0.5,0.0,0.52,0.22,9
1309,0.73,0.59,0.35,0.15,0.5,0.0,0.54,0.22,9
1307,0.6,0.37,0.52,0.15,0.5,0.0,0.55,0.26,9
1305,0.64,0.61,0.56,0.15,0.5,0.0,0.54,0.22,9
1310,0.48,0.58,0.58,0.12,0.5,0.0,0.49,0.22,9
1308,0.65,0.58,0.53,0.21,0.5,0.0,0.51,0.22,9
1306,0.48,0.49,0.49,0.26,0.5,0.0,0.39,0.27,9
1318,0.57,0.54,0.32,0.15,0.5,0.0,0.52,0.25,9
1312,0.4,0.36,0.32,0.16,0.5,0.0,0.51,0.27,9
1319,0.5,0.55,0.52,0.16,0.5,0.0,0.51,0.31,0
1313,0.65,0.63,0.47,0.22,0.5,0.0,0.52,0.27,0
1314,0.41,0.48,0.51,0.2,0.5,0.0,0.51,0.22,0
1315,0.25,0.4,0.54,0.16,0.5,0.0,0.43,0.22,0
1453,0.63,0.56,0.52,0.21,0.5,0.0,0.5,0.22,0
1090,0.56,0.68,0.42,0.36,0.5,0.0,0.49,0.22,0
1316,0.57,0.47,0.48,0.17,0.5,0.0,0.52,0.26,9
1317,0.46,0.52,0.51,0.13,0.5,0.0,0.47,0.22,0
1320,0.5,0.4,0.57,0.17,0.5,0.0,0.59,0.22,0
699,0.78,0.71,0.35,0.25,0.5,0.0,0.49,0.22,3
1321,0.64,0.56,0.52,0.17,0.5,0.0,0.54,0.47,7
1322,1.0,0.8,0.29,0.36,0.5,0.0,0.52,0.22,3
1323,0.51,0.39,0.56,0.55,0.5,0.0,0.46,0.64,6
1324,0.69,0.66,0.36,0.09,0.5,0.0,0.56,0.22,3
1325,0.4,0.45,0.45,0.15,0.5,0.0,0.53,0.48,7
1326,0.49,0.53,0.36,0.15,0.5,0.0,0.52,0.27,5
1327,0.39,0.63,0.41,0.27,0.5,0.0,0.49,0.22,5
1328,0.45,0.51,0.43,0.22,0.5,0.0,0.57,0.22,7
1329,0.77,0.78,0.27,0.37,0.5,0.0,0.49,0.22,3
1330,0.88,0.75,0.41,0.36,0.5,0.0,0.43,0.22,4
1331,0.49,0.49,0.4,0.2,0.5,0.0,0.48,0.26,5
716,0.57,0.53,0.6,0.28,0.5,0.0,0.52,0.45,7
51,0.53,0.52,0.49,0.27,0.5,0.0,0.51,0.22,0
52,0.5,0.47,0.56,0.31,0.5,0.0,0.56,0.26,0
1332,0.71,0.79,0.41,0.38,0.5,0.0,0.54,0.22,3
53,0.33,0.49,0.46,0.22,0.5,0.0,0.53,0.33,5
23,0.47,0.41,0.46,0.18,0.5,0.0,0.53,0.22,5
117,0.45,0.39,0.46,0.29,0.5,0.0,0.42,0.22,6
340,0.59,0.56,0.5,0.48,0.5,0.0,0.46,0.22,6
1346,0.32,0.3,0.57,0.38,0.5,0.0,0.5,0.25,7
1348,0.26,0.3,0.37,0.15,0.5,0.0,0.53,0.25,5
1349,0.28,0.41,0.46,0.18,0.5,0.0,0.47,0.39,7
1350,0.45,0.5,0.43,0.16,0.5,0.0,0.52,0.28,5
920,0.24,0.25,0.57,0.28,0.5,0.0,0.51,0.11,0
618,0.46,0.61,0.55,0.29,0.5,0.0,0.49,0.22,6
1352,0.54,0.44,0.38,0.22,0.5,0.0,0.54,0.3,5
1353,0.22,0.53,0.36,0.22,0.5,0.0,0.54,0.31,5
1333,0.25,0.41,0.47,0.14,0.5,0.0,0.56,0.68,7
1334,0.43,0.41,0.37,0.18,0.5,0.0,0.54,0.31,5
1335,0.4,0.44,0.47,0.25,0.5,0.0,0.54,0.56,7
1336,0.46,0.59,0.38,0.12,0.5,0.0,0.5,0.22,5
1337,0.8,0.82,0.4,0.31,0.5,0.0,0.57,0.25,3
1338,0.29,0.39,0.46,0.36,0.5,0.0,0.51,0.22,7
1340,0.4,0.4,0.43,0.19,0.5,0.83,0.48,0.22,8
1341,0.57,0.52,0.46,0.2,0.5,0.83,0.52,0.41,8
1345,0.43,0.6,0.4,0.12,0.5,0.0,0.49,0.29,5
1342,0.56,0.71,0.47,0.21,0.5,0.0,0.52,0.22,6
1343,0.65,0.62,0.26,0.33,0.5,0.0,0.55,0.22,5
1344,0.77,0.7,0.37,0.12,0.5,0.0,0.49,0.26,3
1356,0.47,0.61,0.32,0.27,0.5,0.0,0.5,0.3,5
1359,0.71,0.51,0.49,0.23,0.5,0.0,0.3,0.32,4
1360,0.59,0.48,0.49,0.49,0.5,0.0,0.36,0.32,0
1354,0.58,0.63,0.52,0.7,0.5,0.0,0.46,0.22,6
1355,0.3,0.68,0.41,0.17,0.5,0.0,0.51,0.22,5
1357,0.74,0.73,0.32,0.2,0.5,0.0,0.55,0.22,3
1358,0.55,0.35,0.36,0.29,0.5,0.0,0.51,0.22,5
1361,0.35,0.32,0.31,0.16,0.5,0.0,0.56,0.22,5
1362,0.67,0.61,0.39,0.24,0.5,0.0,0.51,0.22,5
1363,0.69,0.57,0.39,0.19,0.5,0.0,0.48,0.39,4
1197,0.47,0.41,0.53,0.27,0.5,0.0,0.47,0.25,6
1364,0.39,0.56,0.34,0.18,0.5,0.0,0.49,0.22,5
1365,0.51,0.38,0.42,0.21,0.5,0.0,0.46,0.34,5
1367,0.32,0.45,0.39,0.14,0.5,0.0,0.45,0.22,5
1368,0.75,0.73,0.35,0.33,0.5,0.0,0.49,0.28,3
1369,0.54,0.54,0.56,0.18,0.5,0.0,0.46,0.29,7
1370,0.71,0.64,0.42,0.28,0.5,0.0,0.43,0.22,2
1371,0.28,0.48,0.36,0.16,0.5,0.0,0.53,0.22,5
1372,0.58,0.44,0.45,0.32,0.5,0.0,0.52,0.37,7
1373,0.52,0.65,0.36,0.26,0.5,0.0,0.44,0.22,5
569,0.64,0.44,0.56,0.15,0.5,0.0,0.56,0.22,0
298,0.48,0.58,0.47,0.17,0.5,0.0,0.53,0.74,0
1376,0.42,0.71,0.45,0.15,0.5,0.0,0.48,0.22,5
1377,0.38,0.37,0.36,0.14,0.5,0.0,0.54,0.22,5
1375,0.4,0.4,0.44,0.37,0.5,0.0,0.53,0.25,7
1380,0.38,0.56,0.38,0.16,0.5,0.0,0.53,0.22,5
1381,0.8,0.79,0.43,0.25,0.5,0.0,0.52,0.22,2
1382,0.63,0.65,0.42,0.18,0.5,0.0,0.54,0.27,5
1383,0.47,0.4,0.63,0.19,0.5,0.0,0.52,0.32,7
1384,0.83,0.94,0.32,0.21,0.5,0.0,0.51,0.22,3
1386,0.61,0.76,0.3,0.16,0.5,0.0,0.45,0.41,5
900,0.33,0.38,0.47,0.14,0.5,0.0,0.51,0.47,7
1387,0.38,0.67,0.33,0.17,0.5,0.0,0.51,0.22,5
1388,0.39,0.33,0.33,0.23,0.5,0.0,0.47,0.22,5
1389,0.5,0.63,0.45,0.13,0.5,0.0,0.45,0.32,5
1390,0.2,0.6,0.5,0.29,0.5,0.0,0.51,0.22,5
1391,0.29,0.26,0.43,0.17,0.5,0.0,0.55,0.3,5
1392,0.51,0.46,0.41,0.36,0.5,0.0,0.49,0.22,5
1393,0.92,0.66,0.52,0.23,0.5,0.0,0.53,0.22,3
1394,0.49,0.56,0.37,0.2,0.5,0.0,0.53,0.22,5
1395,0.86,0.78,0.34,0.15,0.5,0.0,0.53,0.22,4
1396,0.38,0.44,0.57,0.14,0.5,0.0,0.53,0.52,7
1397,0.72,0.73,0.41,0.28,0.5,0.0,0.44,0.22,3
1398,0.8,0.73,0.47,0.19,0.5,0.0,0.49,0.22,3
1400,0.49,0.55,0.35,0.23,0.5,0.0,0.57,0.22,5
1401,0.63,0.71,0.44,0.53,0.5,0.0,0.52,0.22,4
1402,0.6,0.68,0.3,0.27,0.5,0.0,0.55,0.22,5
1403,0.4,0.43,0.49,0.17,0.5,0.0,0.51,0.36,7
1404,0.82,0.63,0.47,0.18,0.5,0.0,0.5,0.22,8
1405,0.77,0.68,0.35,0.19,0.5,0.0,0.53,0.43,3
1406,0.51,0.59,0.46,0.13,0.5,0.0,0.48,0.22,6
1407,0.52,0.46,0.34,0.2,0.5,0.0,0.51,0.25,5
1408,0.47,0.5,0.6,0.63,0.5,0.0,0.38,0.16,0
1409,0.34,0.24,0.51,0.15,0.5,0.0,0.54,0.4,7
1410,0.35,0.29,0.46,0.14,0.5,0.0,0.54,0.66,7
1411,0.58,0.67,0.49,0.16,0.5,0.0,0.47,0.28,6
1413,0.85,0.85,0.3,0.31,0.5,0.0,0.55,0.42,3
1434,0.36,0.48,0.61,0.26,0.5,0.0,0.5,0.16,7
1428,0.41,0.25,0.59,0.44,0.5,0.0,0.6,0.69,7
1429,0.3,0.37,0.4,0.45,0.5,0.0,0.48,0.41,5
568,0.57,0.59,0.49,0.86,0.5,0.0,0.47,0.22,7
1430,0.38,0.4,0.39,0.19,0.5,0.0,0.46,0.62,7
1431,0.77,0.74,0.37,0.29,0.5,0.0,0.45,0.22,3
1218,0.47,0.38,0.58,0.19,0.5,0.0,0.57,0.22,0
752,0.5,0.61,0.44,0.2,0.5,0.0,0.49,0.22,6
1435,0.41,0.45,0.46,0.23,0.5,0.0,0.5,0.7,0
1436,0.46,0.62,0.46,0.54,0.5,0.0,0.51,0.27,6
1437,0.74,0.75,0.45,0.44,0.5,0.0,0.52,0.22,8
15,0.52,0.53,0.58,0.69,0.5,0.0,0.5,0.22,6
1439,0.41,0.47,0.5,0.14,0.5,0.0,0.53,0.37,7
1440,0.25,0.4,0.52,0.15,0.5,0.0,0.56,0.28,7
1425,0.58,0.56,0.38,0.39,0.5,0.0,0.54,0.57,7
1427,0.32,0.29,0.29,0.08,0.5,0.0,0.52,0.22,5
902,0.38,0.48,0.57,0.3,0.5,0.0,0.41,0.11,0
1442,0.39,0.58,0.47,0.18,0.5,0.0,0.48,0.22,6
1443,0.38,0.47,0.47,0.18,0.5,0.0,0.44,0.26,6
1445,0.63,0.57,0.5,0.48,0.5,0.0,0.51,0.22,6
957,0.51,0.45,0.62,0.25,0.5,0.0,0.59,0.22,6
1452,0.59,0.67,0.54,0.19,0.5,0.0,0.48,0.6,7
1456,0.6,0.61,0.54,0.11,0.5,0.0,0.46,0.22,0
1454,0.48,0.61,0.57,0.17,0.5,0.0,0.45,0.22,0
1455,0.71,0.5,0.5,0.18,0.5,0.0,0.46,0.22,0
1457,0.61,0.48,0.54,0.25,0.5,0.0,0.5,0.22,0
848,0.38,0.32,0.64,0.41,0.5,0.0,0.44,0.11,0
849,0.38,0.4,0.66,0.35,0.5,0.0,0.43,0.11,0
1458,0.81,0.62,0.43,0.17,0.5,0.0,0.53,0.22,4
1459,0.47,0.43,0.61,0.4,0.5,0.0,0.48,0.47,7
1460,0.67,0.57,0.36,0.19,0.5,0.0,0.56,0.22,4
1461,0.43,0.4,0.6,0.16,0.5,0.0,0.53,0.39,7
355,0.65,0.54,0.54,0.13,0.5,0.0,0.53,0.22,0
